,TEMP,TEMP,TEMP,TEMP,TEMP,TEMP,TEMP,TEMP,TEMP,TEMP,TEMP,TEMP,TEMP,TEMP,TEMP,TEMP,TEMP,TEMP,TEMP,TEMP,TEMP,TEMP,TEMP,TEMP,TEMP,TEMP,TEMP,TEMP,TEMP,TEMP,TEMP,TEMP,TEMP,TEMP,TEMP,TEMP,TEMP,TEMP,TEMP,TEMP,TEMP,TEMP,TEMP,TEMP,TEMP,TEMP,TEMP,TEMP,TEMP,TEMP,TEMP,TEMP,TEMP,TEMP,TEMP,TEMP,TEMP,TEMP,TEMP,TEMP,TEMP,TEMP,TEMP,TEMP,TEMP,TEMP,TEMP,TEMP,DIFF,DIFF,DIFF,DIFF,DIFF,DIFF,DIFF,DIFF,DIFF,DIFF,DIFF,DIFF,DIFF,DIFF,DIFF,DIFF,DIFF,DIFF,DIFF,DIFF,DIFF,DIFF,DIFF,DIFF,DIFF,DIFF,DIFF,DIFF,DIFF,DIFF,DIFF,DIFF,DIFF,DIFF,DIFF,DIFF,DIFF,DIFF,DIFF,DIFF,DIFF,DIFF,DIFF,DIFF,DIFF,DIFF,DIFF,DIFF,DIFF,DIFF,DIFF,DIFF,DIFF,DIFF,DIFF,DIFF,DIFF,DIFF,DIFF,DIFF,DIFF,DIFF,DIFF,DIFF,DIFF,DIFF,DIFF,DIFF,PRCP,PRCP,PRCP,PRCP,PRCP,PRCP,PRCP,PRCP,PRCP,PRCP,PRCP,PRCP,PRCP,PRCP,PRCP,PRCP,PRCP,PRCP,PRCP,PRCP,PRCP,PRCP,PRCP,PRCP,PRCP,PRCP,PRCP,PRCP,PRCP,PRCP,PRCP,PRCP,PRCP,PRCP,PRCP,PRCP,PRCP,PRCP,PRCP,PRCP,PRCP,PRCP,PRCP,PRCP,PRCP,PRCP,PRCP,PRCP,PRCP,PRCP,PRCP,PRCP,PRCP,PRCP,PRCP,PRCP,PRCP,PRCP,PRCP,PRCP,PRCP,PRCP,PRCP,PRCP,PRCP,PRCP,PRCP,PRCP,GUST,GUST,GUST,GUST,GUST,GUST,GUST,GUST,GUST,GUST,GUST,GUST,GUST,GUST,GUST,GUST,GUST,GUST,GUST,GUST,GUST,GUST,GUST,GUST,GUST,GUST,GUST,GUST,GUST,GUST,GUST,GUST
STN,690150,722810,722860,722868,722880,722885,722886,722897,722900,722903,722904,722906,722907,722909,722910,722925,722926,722950,722953,722955,722970,722975,722976,722977,723805,723810,723815,723816,723830,723840,723890,723896,723910,723925,723927,723930,723940,723965,724800,724815,724830,724838,724839,724915,724920,724926,724930,724938,724940,724945,724946,724957,725845,725846,725847,725905,725910,725940,725945,725946,725955,725957,745160,746120,747020,747185,747187,747188,690150,722810,722860,722868,722880,722885,722886,722897,722900,722903,722904,722906,722907,722909,722910,722925,722926,722950,722953,722955,722970,722975,722976,722977,723805,723810,723815,723816,723830,723840,723890,723896,723910,723925,723927,723930,723940,723965,724800,724815,724830,724838,724839,724915,724920,724926,724930,724938,724940,724945,724946,724957,725845,725846,725847,725905,725910,725940,725945,725946,725955,725957,745160,746120,747020,747185,747187,747188,690150,722810,722860,722868,722880,722885,722886,722897,722900,722903,722904,722906,722907,722909,722910,722925,722926,722950,722953,722955,722970,722975,722976,722977,723805,723810,723815,723816,723830,723840,723890,723896,723910,723925,723927,723930,723940,723965,724800,724815,724830,724838,724839,724915,724920,724926,724930,724938,724940,724945,724946,724957,725845,725846,725847,725905,725910,725940,725945,725946,725955,725957,745160,746120,747020,747185,747187,747188,690150,722810,722860,722880,722886,722910,722953,723805,723810,723815,723816,723910,723930,723940,724800,724830,724838,724839,724926,724940,725846,725847,725905,725910,725945,725946,725955,745160,746120,747185,747187,747188
YEARMODA,,,,,,,,,,,,,,,,,,,,,,,,,,,,,,,,,,,,,,,,,,,,,,,,,,,,,,,,,,,,,,,,,,,,,,,,,,,,,,,,,,,,,,,,,,,,,,,,,,,,,,,,,,,,,,,,,,,,,,,,,,,,,,,,,,,,,,,,,,,,,,,,,,,,,,,,,,,,,,,,,,,,,,,,,,,,,,,,,,,,,,,,,,,,,,,,,,,,,,,,,,,,,,,,,,,,,,,,,,,,,,,,,,,,,,,,,,,,
1990-11-30,61.41666666666666,64.79259259259258,60.16333333333333,69.40666666666668,61.86666666666666,65.83666666666666,63.30333333333332,57.71333333333333,62.49999999999999,65.01666666666664,63.99666666666666,62.18333333333333,66.18333333333334,63.95199999999999,64.28333333333333,59.6625,61.2,63.19666666666665,54.27272727272726,64.49,64.07666666666667,68.54285714285716,65.85666666666665,64.58999999999999,68.48,52.803448275862074,54.36666666666666,51.75,50.46785714285715,53.78666666666666,52.34333333333333,55.35999999999999,60.09000000000001,59.21999999999999,61.11333333333333,60.29130434782609,54.67,50.82999999999999,44.13,55.83333333333334,51.74333333333334,54.46000000000001,51.99333333333333,56.37333333333333,52.61,54.92666666666666,53.83999999999999,59.80000000000002,55.03666666666666,57.48333333333334,62.83666666666666,54.61333333333334,46.22000000000001,39.99333333333333,39.47666666666665,50.57333333333334,51.49666666666667,48.98695652173913,46.99666666666666,51.40000000000001,37.223333333333336,38.96333333333333,52.87666666666666,52.3681818181818,53.15333333333334,62.8,62.98666666666667,62.59666666666667,26.98333333333333,27.896296296296303,26.64,25.433333333333334,25.17333333333333,18.713333333333328,24.44,27.97000000000001,21.55,23.72333333333334,23.67333333333333,19.313333333333336,31.457142857142852,14.927999999999995,18.103333333333328,5.6125,35.64137931034483,24.83,15.73181818181818,21.396666666666672,27.66000000000001,21.75357142857143,23.96,21.75666666666667,24.84333333333334,31.5655172413793,29.90666666666667,32.72333333333333,14.703703703703706,29.11333333333334,30.926666666666666,27.44666666666667,26.40666666666667,32.02666666666667,19.380000000000006,13.582608695652173,36.42,37.21333333333335,36.907692307692315,25.98333333333333,28.126666666666665,30.613333333333333,27.82333333333333,17.976666666666674,27.0,26.23333333333333,16.789999999999996,21.126666666666665,20.26333333333333,22.366666666666664,24.636666666666667,29.55,13.483333333333338,33.33333333333333,27.23999999999999,31.36206896551724,30.700000000000006,16.195652173913047,20.076666666666664,15.636666666666665,19.683333333333326,22.59999999999999,26.093333333333334,34.050000000000004,32.03666666666666,31.31,35.31666666666667,28.07666666666667,0.0,0.0,0.010666666666666666,0.0,0.0,0.0,0.0,0.0,0.027999999999999997,0.006551724137931035,0.017586206896551725,0.013333333333333334,0.0,0.0228,0.02266666666666667,0.0,0.01966666666666667,0.0033333333333333327,0.0,0.0,0.0013333333333333333,0.0,0.0,0.0,0.0,0.008275862068965517,0.0016666666666666668,0.0,0.0,0.035,0.016666666666666666,0.0,0.01633333333333333,0.004,0.0,0.013043478260869568,0.005666666666666665,0.05,0.0,0.0,0.03933333333333333,0.0,0.0,0.0,0.0,0.0,0.0032,0.0,0.013666666666666669,0.0,0.0,0.0,0.0,0.0,0.0,0.011333333333333334,0.027666666666666662,0.10434782608695653,0.0,0.155,0.0,0.0,0.013333333333333334,0.007272727272727274,0.0026666666666666666,0.07366666666666667,0.0003333333333333333,0.0,25.35,23.33333333333333,26.02,24.95,29.300000000000004,27.08333333333333,37.4875,27.52307692307692,23.93333333333333,29.372727272727275,25.735294117647058,24.17142857142857,22.318181818181817,24.316666666666666,29.05,22.66,23.775,27.55,29.9,29.16666666666667,22.56923076923077,27.866666666666664,20.0,21.655555555555555,18.03333333333333,21.6,17.1,25.3,25.0,28.44,22.442857142857147,30.811111111111106
1991-11-30,60.7,66.6153846153846,61.14666666666667,68.74,62.09333333333333,61.85666666666666,66.32000000000001,59.94666666666667,61.58666666666666,65.29,64.22,62.93333333333334,67.52000000000001,64.08800000000001,64.92758620689655,54.6,60.6,62.19333333333334,59.314285714285724,65.42,64.34333333333332,67.65517241379311,65.93333333333334,64.14,67.20000000000002,52.15333333333334,56.18,50.65,51.49666666666666,55.66,55.07333333333334,45.90000000000001,59.51000000000001,58.64666666666667,62.42000000000001,60.43478260869565,54.92666666666666,52.99666666666666,44.42666666666666,59.076666666666654,54.75666666666667,57.60000000000001,56.2,55.93333333333333,57.54999999999999,58.59333333333333,55.28666666666666,59.48333333333334,56.45666666666666,58.62000000000001,57.78518518518521,56.55666666666666,47.213333333333324,40.570000000000014,40.3,55.40333333333333,57.356666666666676,50.957142857142856,49.490000000000016,53.02666666666667,43.95714285714287,42.77333333333332,54.13000000000001,52.93666666666666,55.77,62.12666666666666,60.34333333333333,62.11333333333332,30.55384615384616,32.830769230769235,29.61666666666667,26.126666666666665,26.63666666666667,16.56,26.98,27.736666666666668,22.93,24.38666666666667,23.358620689655176,18.233333333333334,34.05172413793104,19.032,19.665517241379312,14.983333333333334,36.68,23.07,16.62380952380952,19.32,28.58333333333333,21.944827586206888,25.00000000000001,21.99,24.156666666666666,33.06666666666666,30.946666666666665,31.94666666666667,14.533333333333333,28.46333333333333,27.120000000000008,26.44,25.430000000000003,30.74333333333334,18.55333333333333,16.18695652173913,33.45666666666666,36.05,33.9,21.350000000000005,25.423333333333336,25.56,25.79333333333333,16.71,23.350000000000005,24.24,16.71,18.826666666666668,19.27,21.56666666666667,21.396296296296306,26.46333333333333,11.896666666666668,29.659999999999997,25.29333333333333,29.17666666666667,24.54,14.866666666666667,17.996666666666666,14.063333333333333,19.86071428571429,19.983333333333327,24.39666666666667,38.32333333333333,29.540000000000006,33.64,37.266666666666666,28.029999999999994,0.0,0.0,0.0006666666666666666,0.0,0.0,0.0,0.0,0.0,0.0016666666666666668,0.0006896551724137933,0.0,0.0013333333333333333,0.0,0.0,0.0,0.0,0.0006666666666666666,0.0,0.0,0.0,0.0013333333333333333,0.0,0.0,0.0,0.013,0.0,0.0003333333333333333,0.0,0.0,0.0003333333333333333,0.0013333333333333333,0.0,0.0,0.0026666666666666666,0.0,0.0,0.005666666666666665,0.0016666666666666668,0.0,0.0,0.02433333333333333,0.0,0.0,0.0,0.0,0.0,0.0,0.0,0.007666666666666667,0.0,0.0,0.0,0.0,0.0,0.0,0.02066666666666667,0.021666666666666667,0.0838095238095238,0.0,0.13933333333333334,0.0,0.0,0.012333333333333332,0.0013333333333333333,0.0,0.009333333333333334,0.0013333333333333333,0.0013333333333333333,29.866666666666664,24.6,22.18333333333333,23.700000000000006,34.36363636363637,27.9,34.31428571428571,28.630000000000006,26.855555555555558,34.1125,26.08125,25.075,26.266666666666666,26.1625,38.03333333333333,28.777777777777782,28.8375,23.642857142857146,28.3,24.3,23.645454545454548,23.700000000000006,21.0,27.814285714285717,21.15,27.0375,26.68333333333333,28.061538461538454,24.466666666666665,29.98333333333333,22.314285714285717,25.87142857142857
1992-11-30,60.042857142857144,64.56666666666666,58.07333333333333,63.40666666666666,61.48,68.36333333333333,65.97333333333333,59.17666666666667,62.58000000000001,65.17,64.87333333333333,62.25000000000002,69.24666666666666,65.30800000000002,60.91666666666666,66.30000000000001,61.10999999999999,63.40666666666666,53.98636363636364,64.50666666666665,64.24666666666666,69.04333333333334,65.90333333333332,64.92666666666666,64.27666666666666,49.462068965517254,52.51666666666666,47.75,49.22333333333333,55.33333333333334,53.47666666666667,50.89666666666666,60.83000000000001,62.04666666666667,63.62,61.21999999999999,55.8,51.41333333333333,47.48999999999999,57.60333333333334,52.55333333333332,56.21000000000001,53.26,57.63333333333335,54.07000000000001,57.67333333333333,55.81000000000001,59.01333333333332,56.06333333333332,58.17999999999999,58.54,56.75666666666666,44.55999999999999,40.22000000000001,39.353333333333346,50.56999999999999,52.59666666666667,51.74,49.59666666666667,51.13,38.92666666666667,40.45000000000001,57.28333333333333,56.93478260869565,52.90666666666666,60.09,56.96666666666667,59.72333333333333,28.671428571428585,30.007407407407413,28.260000000000005,30.863333333333333,24.8,17.420000000000012,21.156666666666673,29.910000000000004,23.466666666666665,20.590000000000007,19.410000000000004,18.646666666666665,35.02068965517242,14.536,17.09,8.450000000000006,35.80999999999999,23.306666666666665,16.35,20.923333333333336,26.17333333333334,19.33,23.290000000000006,20.46,23.776666666666674,30.010344827586213,30.780000000000005,31.550000000000004,13.810000000000002,25.6,25.36666666666667,24.36666666666667,20.093333333333334,31.46,18.773333333333326,16.987999999999996,32.410000000000004,34.98000000000001,34.39666666666667,22.550000000000004,24.55,25.10666666666667,24.43,17.106666666666673,24.25666666666667,24.300000000000008,17.100000000000005,17.803333333333335,18.676666666666666,20.696666666666665,21.19333333333333,24.553333333333335,12.7,34.059999999999995,30.836666666666666,23.063333333333336,23.84000000000001,14.536,17.163333333333338,13.67333333333333,21.406666666666666,21.593333333333334,23.95666666666667,33.79130434782609,29.41000000000001,33.46,40.46333333333335,27.79666666666667,0.0,0.0,0.0,0.0,0.0,0.0,0.0,0.0,0.0013333333333333333,0.4043333333333334,0.3827586206896551,0.0013333333333333333,0.0,0.0,0.0,0.0,0.0006666666666666666,0.0,0.0,0.0,0.0,0.0,0.0,0.0,0.0,0.0,0.0,0.0,0.0,0.0003333333333333333,0.0,0.0,0.0,0.0,0.0,0.0,0.0003333333333333333,0.0,0.0,0.0,0.011000000000000001,0.0,0.0,0.0,0.012758620689655172,0.0,0.0,0.0,0.006666666666666667,0.0,0.0,0.0,0.0,0.07866666666666666,0.0,0.0,0.021666666666666664,0.07920000000000002,0.0,0.18566666666666665,0.0,0.0,0.006999999999999999,0.0,0.0,0.023666666666666662,0.0,0.017,22.56666666666667,24.53333333333333,22.253846153846155,24.85,27.17272727272727,23.45833333333333,28.125,30.444444444444446,26.81,29.142857142857146,26.64375,27.446666666666665,22.023076923076925,20.82857142857143,25.13333333333333,24.71666666666667,25.266666666666666,18.4,21.85,21.96666666666667,19.075,19.7,15.300000000000002,17.9,20.25,24.200000000000006,22.86,26.342857142857145,18.566666666666666,24.675,20.68,26.26
1993-11-30,55.627586206896545,65.63600000000001,58.69032258064517,63.116129032258065,60.33548387096772,64.77741935483871,62.548387096774185,57.57741935483872,61.3483870967742,63.59032258064517,63.774193548387096,61.07096774193547,63.951612903225794,63.70399999999999,63.10555555555556,61.16190476190477,59.92903225806453,62.716129032258074,55.32272727272727,63.99032258064516,63.27096774193549,67.1741935483871,65.42758620689655,63.66451612903225,63.49999999999999,49.56551724137932,52.970967741935475,47.92903225806453,50.99583333333334,55.98387096774196,53.396774193548396,50.516129032258064,60.903225806451616,59.07741935483872,63.33225806451615,60.76666666666666,55.76129032258065,50.374193548387076,47.48064516129032,58.09032258064515,51.16451612903226,54.58387096774194,52.406451612903226,57.51935483870968,52.5258064516129,56.00645161290322,54.64193548387097,58.27741935483871,55.78064516129032,59.40967741935483,57.41935483870968,54.3258064516129,42.58387096774193,38.53548387096774,39.774193548387096,48.67741935483871,51.34516129032258,50.35,46.8741935483871,48.48064516129031,34.23548387096775,38.000000000000014,54.5741935483871,58.93999999999999,52.59032258064516,60.03870967741935,57.66129032258064,58.8290322580645,29.213793103448282,30.072000000000006,26.116129032258073,25.83225806451614,23.296774193548387,16.170967741935485,21.796774193548387,32.145161290322584,20.27096774193549,20.02903225806452,19.990322580645163,16.8483870967742,28.90000000000001,15.436000000000005,15.822222222222221,10.795238095238096,27.564516129032263,21.645161290322584,17.06818181818182,18.08387096774194,24.587096774193558,18.132258064516133,19.80344827586207,19.577419354838714,25.05161290322581,31.58620689655172,30.74838709677419,32.003225806451624,14.020833333333336,29.177419354838708,29.080645161290327,26.483870967741943,18.351612903225806,27.996774193548394,18.07096774193549,18.137500000000006,31.790322580645164,36.63548387096774,38.73103448275863,21.916129032258066,25.75483870967742,26.82903225806452,27.064516129032263,19.23225806451613,25.10967741935484,27.167741935483875,17.941935483870967,19.77096774193549,20.82903225806452,23.80322580645161,23.796774193548387,28.486666666666668,12.683870967741935,32.94516129032258,32.270967741935486,31.577419354838714,27.709677419354843,16.93,23.932258064516137,18.2258064516129,30.506451612903234,22.38064516129032,22.26129032258065,35.98333333333334,32.70322580645162,32.05483870967742,39.02903225806453,28.267741935483876,0.006896551724137932,0.014,0.015483870967741937,0.0,0.0,0.0,0.0,0.0,0.029677419354838714,0.318,0.22448275862068964,0.0661290322580645,0.0,0.0016666666666666668,0.007058823529411764,0.0,0.02870967741935484,0.03,0.0,0.0,0.0067741935483870966,0.0,0.0,0.0,0.007741935483870969,0.00896551724137931,0.0012903225806451613,0.0,0.0,0.025161290322580646,0.04032258064516129,0.0,0.0,0.040645161290322585,0.0,0.010434782608695651,0.023548387096774197,0.028387096774193557,0.004,0.0,0.07096774193548387,0.0,0.0,0.0,0.04068965517241379,0.0,0.013461538461538459,0.0,0.050645161290322566,0.0,0.0,0.0,0.0,0.15965517241379312,0.0,0.03258064516129032,0.07709677419354839,0.04566666666666667,0.0,0.09838709677419354,0.0,0.0,0.09709677419354837,0.0,0.013548387096774195,0.04483870967741936,0.017096774193548388,0.028064516129032255,24.3,23.366666666666664,24.07142857142857,25.95,27.4,23.23333333333333,41.88,29.584210526315786,24.83333333333333,27.485714285714288,25.114285714285717,23.535714285714285,14.79090909090909,23.175,22.592857142857145,24.9,24.6,20.0,27.4,25.211111111111112,27.585714285714282,26.8,19.76,25.714285714285715,21.5,25.191666666666666,22.555555555555557,28.350000000000005,22.65454545454545,23.18333333333333,22.12,28.066666666666666
1994-11-30,57.33529411764707,60.8375,51.39000000000001,60.99666666666667,54.34000000000002,59.603333333333346,57.86333333333332,52.23333333333333,56.65999999999999,58.37666666666666,58.23666666666666,56.67666666666666,58.61333333333334,59.76,58.421052631578966,58.62222222222221,52.91666666666666,57.39666666666666,48.7086956521739,58.96333333333333,58.27000000000001,62.69333333333334,60.09333333333333,58.81666666666668,60.91071428571429,44.93214285714286,48.00333333333333,43.3,42.653333333333336,48.97666666666666,48.05666666666666,46.31333333333333,56.97333333333332,52.67333333333333,57.91666666666668,55.02272727272727,49.55,45.39666666666667,37.95333333333335,51.49,47.36666666666666,49.29666666666667,49.45000000000001,52.81333333333334,48.77333333333334,50.98666666666668,50.01000000000001,52.59000000000001,50.02333333333332,54.62666666666665,51.69333333333334,49.70333333333333,34.15999999999999,28.880000000000006,31.82,44.67333333333334,47.29999999999999,46.252,44.80333333333333,45.84,34.54,32.78,48.54333333333334,51.16363636363637,48.78333333333335,56.65,52.11333333333332,55.72333333333333,25.111764705882354,28.566666666666666,27.473333333333336,23.64333333333333,23.236666666666668,16.14333333333333,21.300000000000008,23.08333333333333,20.813333333333336,18.39333333333333,16.986666666666668,16.716666666666672,27.083333333333336,13.044,15.257894736842106,14.216666666666667,33.74333333333335,21.540000000000006,13.408695652173915,18.483333333333334,24.236666666666668,18.430000000000003,21.093333333333334,19.570000000000004,23.207142857142852,26.92857142857143,28.316666666666674,27.91,14.856666666666666,25.906666666666666,22.45,19.6,18.80333333333333,24.32333333333333,17.996666666666673,17.068181818181824,30.750000000000004,29.39333333333333,33.48666666666668,16.346666666666664,19.023333333333333,19.51,17.723333333333336,15.603333333333332,18.723333333333333,18.33333333333333,13.116666666666667,14.419999999999998,15.893333333333333,17.29666666666667,17.860000000000007,21.27,10.66,25.19333333333333,25.813333333333336,19.726666666666667,19.133333333333333,17.912000000000006,16.66,11.969999999999995,15.409999999999998,13.44,18.91,32.47727272727273,26.61000000000001,31.42666666666667,37.95333333333335,28.38333333333334,0.0,0.0,0.010333333333333337,0.0,0.0,0.0,0.0,0.0,0.015333333333333338,0.349,0.2793103448275861,0.018000000000000002,0.0,0.0828,0.0,0.0,0.03033333333333333,0.010000000000000002,0.0,0.0,0.011333333333333334,0.0,0.0,0.0,0.013214285714285715,0.0125,0.023666666666666662,0.0,0.0,0.03266666666666666,0.06699999999999999,0.0,0.0,0.0,0.0,0.016363636363636358,0.07733333333333332,0.08166666666666665,0.0,0.0,0.06653846153846152,0.03137931034482759,0.0,0.0,0.0562962962962963,0.0,0.0,0.0,0.2023333333333333,0.0,0.0,0.0,0.0,0.4113333333333333,0.0,0.05833333333333333,0.18966666666666665,0.2884,0.0,0.326,0.0,0.0,0.1636666666666667,0.003636363636363637,0.03133333333333334,0.03,0.019666666666666662,0.0026666666666666666,32.239999999999995,30.21,20.71,23.9,28.2,29.18888888888889,39.45454545454545,23.09333333333333,29.379999999999995,33.06666666666666,26.53636363636363,22.561111111111106,26.6,24.742857142857147,31.66666666666667,20.933333333333334,22.9,21.45,27.825,26.059999999999995,26.262499999999992,29.23333333333333,19.981818181818184,25.3,21.080000000000005,28.761538461538464,27.46666666666667,27.55,26.33333333333333,28.23333333333333,21.300000000000004,25.32
1995-11-30,63.90000000000001,71.19130434782608,59.97666666666667,73.85666666666667,61.99655172413792,62.825,65.07857142857144,62.427586206896564,62.45,64.20714285714284,64.50333333333332,62.36000000000002,65.34285714285713,62.12173913043477,60.94166666666666,62.23157894736842,59.74666666666666,61.44000000000001,65.21,63.20357142857142,62.80666666666666,65.42999999999999,66.02857142857142,63.04285714285716,73.6,54.90666666666667,61.14000000000001,55.03000000000001,59.76333333333333,59.23333333333332,57.70000000000001,55.99666666666667,60.79333333333334,58.59333333333333,61.17499999999999,58.90399999999999,57.17333333333334,55.48999999999999,49.82,62.710714285714296,57.76,60.88214285714286,60.2551724137931,59.11333333333334,58.73333333333333,62.82333333333335,56.92413793103448,60.78571428571429,56.88333333333333,63.32068965517242,60.964285714285715,59.54285714285715,50.7,39.46896551724138,48.76428571428573,55.97931034482757,56.24333333333333,53.43571428571428,53.39333333333333,52.48333333333333,44.89666666666667,46.41333333333332,58.38999999999999,58.63809523809525,59.88666666666667,68.0,64.39999999999999,66.58,31.679166666666674,32.61304347826087,32.98275862068966,25.45000000000001,26.800000000000008,13.13571428571429,28.789285714285718,25.16551724137932,15.82,17.307142857142857,15.57,13.420000000000005,27.428571428571445,16.108695652173914,12.066666666666668,11.163157894736841,32.293333333333344,17.216666666666665,19.530000000000005,14.575000000000005,20.696666666666676,14.973333333333338,18.700000000000006,15.653571428571436,25.27666666666667,36.59000000000001,31.05666666666668,35.353333333333346,16.736666666666668,27.70333333333334,28.33333333333333,28.093333333333334,17.116666666666667,19.92333333333334,16.142857142857142,15.648000000000005,29.86,35.59666666666667,40.62000000000001,24.039285714285718,26.200000000000006,26.19642857142858,26.234482758620697,18.336666666666673,26.33666666666668,23.950000000000006,15.617241379310348,18.078571428571433,19.750000000000004,20.262068965517248,21.52500000000001,27.464285714285715,15.613333333333335,36.08571428571429,29.964285714285715,29.148275862068967,29.953333333333337,16.521428571428572,16.076666666666668,9.83,23.77,22.36333333333333,25.620689655172416,38.7047619047619,33.31333333333334,32.81000000000001,40.06,32.44333333333333,0.0,0.0,0.013333333333333334,0.0,0.0,0.0,0.0,0.0,0.01,0.0,0.0,0.015666666666666666,0.0,0.0013043478260869564,0.0016666666666666668,0.0,0.0013333333333333333,0.003666666666666667,0.0,0.0,0.0006666666666666666,0.010333333333333332,0.0,0.0,0.0,0.0006666666666666666,0.0,0.0,0.0,0.0,0.0003333333333333333,0.0,0.0,0.0,0.0,0.0016,0.010666666666666666,0.0,0.0006666666666666666,0.0,0.0,0.0,0.0,0.0,0.0,0.0,0.0,0.0,0.0016666666666666668,0.0,0.0,0.0,0.051333333333333335,0.017586206896551725,0.0,0.002758620689655173,0.0033333333333333327,0.07142857142857142,0.0,0.21689655172413794,0.008666666666666666,0.0,0.0026666666666666666,0.0,0.0,0.0,0.0,0.0,22.879999999999995,20.875,17.9,24.9,33.8,18.1,31.958333333333325,22.92,26.25,30.675,25.71,22.53333333333333,16.266666666666666,22.95,24.375,24.9,23.45,17.566666666666666,23.9,25.45,22.321428571428577,27.875,14.95,19.45,20.175,23.82,32.349999999999994,22.93333333333333,20.15,20.1,18.35,23.16666666666667
1996-11-30,59.940740740740736,68.84800000000001,58.06333333333333,69.46000000000001,61.27,65.06333333333335,63.25666666666667,59.68000000000002,61.26,63.63666666666667,64.86666666666666,60.37000000000001,66.65666666666667,61.63043478260869,60.5875,61.08,60.99333333333333,61.65,57.85714285714285,63.526666666666664,60.80666666666665,66.48571428571428,65.36,63.23,68.76,52.11666666666666,56.89333333333333,51.59999999999999,48.49090909090908,55.32333333333332,53.37333333333334,52.19666666666668,62.02666666666667,56.75666666666668,66.01000000000002,58.30909090909092,54.86333333333333,52.09666666666666,43.93,57.22666666666667,53.91000000000002,58.14666666666666,56.23666666666667,57.55666666666666,53.46666666666667,56.80000000000002,54.54333333333333,59.18666666666668,55.36666666666667,57.75666666666667,57.27333333333333,57.25666666666666,44.61333333333334,36.47000000000001,41.33666666666667,51.60999999999999,53.37666666666666,50.78928571428572,50.69333333333332,50.22333333333333,42.74333333333333,40.38333333333335,58.81666666666668,58.339130434782604,53.82666666666667,64.03999999999999,61.93333333333335,63.58333333333334,25.62962962962963,27.936000000000003,25.98000000000001,22.860000000000007,22.68,15.24,20.160000000000004,21.6,14.210000000000004,17.100000000000005,13.62,14.51333333333333,29.66896551724137,11.173913043478262,11.25,7.650000000000001,27.9,16.753333333333334,15.428571428571427,17.220000000000002,18.91,16.264285714285716,19.56,18.9,14.280000000000005,29.1,25.079999999999995,27.0,13.581818181818182,18.45666666666667,18.900000000000006,18.779999999999994,16.833333333333332,22.92,16.679999999999996,12.845454545454546,21.456666666666667,24.360000000000007,30.24,15.779999999999998,20.580000000000005,17.220000000000002,20.160000000000004,15.12,20.15333333333334,18.120000000000005,12.54,15.060000000000002,12.563333333333333,16.140000000000004,17.7,20.64,10.92,27.000000000000004,21.6,19.2,20.263333333333332,16.41785714285714,13.019999999999998,10.303448275862069,20.700000000000006,18.42,20.1,23.47826086956522,23.793333333333337,28.73999999999999,32.4,26.160000000000004,0.01074074074074074,0.0,0.07178571428571427,0.0,0.0,0.0,0.0,0.0,0.05666666666666665,0.0014285714285714286,0.0,0.037931034482758634,0.0,0.01681818181818182,0.07875,0.06764705882352941,0.12851851851851853,0.06133333333333332,0.0,0.0,0.06133333333333332,0.0,0.0,0.0,0.0,0.019666666666666662,0.018000000000000002,0.016206896551724137,0.0,0.028000000000000004,0.06766666666666668,0.0,0.07866666666666666,0.0,0.0,0.1423809523809524,0.03,0.03620689655172414,0.026,0.0,0.06517241379310346,0.03185185185185185,0.0,0.0,0.08827586206896551,0.0,0.0,0.0,0.08433333333333333,0.0,0.0,0.0,0.43466666666666665,0.09333333333333334,0.0,0.09724137931034482,0.05433333333333334,0.13428571428571426,0.0,0.0411764705882353,0.09900000000000002,0.14133333333333328,0.1179310344827586,0.013043478260869565,0.02607142857142857,0.0010344827586206897,0.005,0.0003333333333333333,25.0875,27.157142857142855,22.0625,25.0,31.25,22.516666666666666,36.17999999999999,25.245454545454546,25.62142857142857,27.772727272727273,26.642857142857146,26.781818181818185,22.95,20.714285714285715,27.0875,21.775,26.62,26.7,17.7,26.34615384615385,21.478571428571424,32.980000000000004,19.65,25.90909090909091,26.9,26.48,27.380000000000006,25.82857142857143,27.19090909090909,30.8,19.933333333333334,25.1
1997-11-30,58.816129032258075,69.29166666666669,58.62903225806453,67.74516129032257,61.806451612903224,65.43548387096772,66.34838709677419,62.25161290322582,64.15161290322581,66.7,60.85806451612903,63.24516129032258,64.37419354838711,64.3,62.93999999999999,65.85454545454546,58.91612903225806,63.23548387096772,57.95000000000001,66.28387096774196,64.62258064516128,68.884,66.41199999999999,65.24193548387096,68.66129032258065,52.4,56.64838709677419,52.72903225806453,49.9258064516129,57.203225806451606,56.767741935483855,55.64800000000001,60.90967741935484,60.22580645161292,68.43870967741935,58.65483870967741,58.30967741935485,55.00322580645162,45.30967741935483,59.39032258064516,56.21935483870968,58.59032258064516,56.31935483870968,60.24838709677421,55.74193548387096,59.825,59.32903225806451,61.3,57.76451612903228,61.41612903225806,60.30000000000001,57.73548387096775,43.58064516129031,38.33548387096774,41.83225806451612,53.79354838709678,53.387096774193544,53.138461538461534,52.69677419354839,52.4225806451613,44.94516129032258,43.15161290322581,55.532258064516135,55.86190476190475,55.25161290322579,65.30967741935486,62.31612903225806,64.08387096774194,26.954838709677414,24.670833333333334,25.664516129032265,20.84516129032258,22.470967741935493,14.922580645161288,23.28387096774193,18.870967741935484,16.641935483870967,17.70967741935484,24.91290322580645,17.503225806451617,26.941935483870967,11.534782608695652,13.27333333333333,8.268181818181818,31.070967741935487,18.63548387096774,15.750000000000005,16.896774193548392,22.12903225806452,16.668000000000006,18.431999999999995,17.477419354838716,18.009677419354837,28.741935483870968,26.077419354838707,28.719354838709684,13.183870967741935,21.809677419354838,21.235483870967744,19.872,22.31935483870968,23.05161290322581,17.941935483870974,18.0,23.758064516129032,26.029032258064515,36.40000000000001,16.838709677419356,21.09354838709677,18.896774193548392,17.53548387096774,15.387096774193544,20.40645161290323,19.507142857142863,13.364516129032257,13.819354838709677,12.219354838709677,15.677419354838712,16.664516129032258,17.36129032258065,13.016129032258064,23.10666666666667,28.954838709677414,16.477419354838705,17.416129032258066,15.434615384615386,14.25483870967742,11.183870967741935,16.259999999999994,17.093548387096774,19.39354838709677,25.904761904761905,25.40645161290323,32.061290322580646,38.13548387096776,27.887096774193548,0.0064516129032258064,0.0,0.02741935483870968,0.0,0.0,0.0,0.0,0.0,0.022903225806451613,0.0,0.03225806451612903,0.030967741935483867,0.0,0.01608695652173913,0.043571428571428567,0.013181818181818182,0.05419354838709678,0.06870967741935484,0.0,0.0,0.02,0.04304347826086957,0.0,0.0,0.0,0.0232258064516129,0.00935483870967742,0.015483870967741937,0.0176,0.05096774193548388,0.07903225806451612,0.0,0.053225806451612914,0.0,0.0,0.10709677419354836,0.11032258064516128,0.08677419354838713,0.008064516129032258,0.0,0.10903225806451612,0.12870967741935485,0.0,0.0,0.1093548387096774,0.0,0.0,0.0,0.19161290322580646,0.0,0.0,0.0,0.2816129032258064,0.08612903225806451,0.0,0.13032258064516128,0.21032258064516127,0.2415384615384615,0.06096774193548388,0.15870967741935485,0.04225806451612903,0.2461290322580645,0.222258064516129,0.015714285714285712,0.04193548387096775,0.0,0.0003225806451612903,0.0009677419354838711,28.82857142857143,35.95,26.0,27.0,23.633333333333336,24.68333333333333,29.342857142857138,25.8,23.5,28.375,22.65833333333333,21.96666666666667,22.65,25.18,23.71666666666667,24.25,25.36,26.0,17.5,24.8125,24.02307692307692,28.08,22.640000000000004,27.5625,30.160000000000004,27.314285714285717,27.625,19.82,24.875,20.0,29.9,24.633333333333336
1998-11-30,56.592,65.65217391304348,56.91666666666668,64.50666666666665,57.10000000000001,61.32333333333334,57.86000000000001,53.43666666666666,59.53333333333334,57.81333333333334,57.1,59.08275862068967,65.49999999999999,60.45,58.91666666666666,59.92799999999999,54.81333333333334,59.57333333333332,56.295238095238105,62.21666666666668,59.67666666666666,64.89310344827587,58.24333333333333,61.40999999999999,66.85172413793104,49.76999999999999,54.74,49.21,46.49666666666666,52.51,52.40000000000001,49.69310344827585,55.77241379310345,54.86333333333334,55.38999999999999,53.28695652173914,52.68999999999999,50.15666666666666,43.16,51.18,52.01666666666666,54.48,51.57666666666667,53.296551724137935,52.03333333333333,51.90666666666666,56.63333333333331,57.61333333333332,54.01000000000001,53.77666666666667,56.33333333333334,50.56666666666668,38.75333333333333,36.07666666666667,39.67666666666667,50.16666666666666,50.16666666666668,51.19230769230769,51.52,50.62333333333334,41.17333333333333,37.77666666666666,53.38333333333333,54.34347826086957,54.66400000000001,62.96333333333333,59.64333333333333,61.68333333333333,25.62400000000001,28.356521739130443,29.46,27.553333333333335,27.013333333333332,15.66,28.390000000000004,27.01999999999999,15.140000000000002,21.880000000000006,24.86333333333333,16.496551724137937,28.74,15.8,11.100000000000005,10.028000000000002,30.47333333333333,18.626666666666672,18.771428571428565,17.160000000000004,21.346666666666668,20.575862068965517,24.92,18.36,21.48275862068965,31.5,29.37,28.563333333333336,17.02,23.570000000000004,21.370000000000005,21.6,23.53448275862069,29.260000000000005,22.16666666666666,15.104347826086956,26.46,29.57,36.39333333333333,24.95,21.16000000000001,16.81666666666667,19.75666666666667,17.886206896551727,20.966666666666665,22.43,12.346666666666668,12.240000000000002,11.696666666666665,20.176666666666666,15.3,22.083333333333336,13.256666666666668,19.68,21.716666666666665,14.88,17.85,14.903846153846152,13.420000000000005,11.22,14.462068965517245,15.663333333333336,16.560000000000006,29.91739130434783,22.92,33.35,39.77666666666667,29.246666666666666,0.0044,0.0,0.013333333333333334,0.002,0.04866666666666666,0.0,0.039,0.037333333333333336,0.023666666666666662,0.02366666666666667,0.03266666666666667,0.016896551724137933,0.0,0.0,0.0005555555555555557,0.0024,0.081,0.037333333333333336,0.0,0.0,0.049000000000000016,0.005517241379310345,0.04566666666666667,0.0,0.004482758620689655,0.006999999999999999,0.0023333333333333327,0.012666666666666666,0.04466666666666666,0.015333333333333334,0.013,0.0,0.030344827586206893,0.035333333333333335,0.03033333333333333,0.037391304347826095,0.07233333333333332,0.012333333333333337,0.0003333333333333333,0.030000000000000006,0.06666666666666668,0.08166666666666665,0.05166666666666666,0.06206896551724138,0.06466666666666666,0.06266666666666668,0.0,0.0,0.056333333333333326,0.039000000000000014,0.0,0.17733333333333332,0.4740000000000001,0.0,0.0,0.24833333333333335,0.14333333333333334,0.3607692307692307,0.6286666666666666,0.6716666666666667,0.050666666666666665,0.28700000000000003,0.12233333333333335,0.0,0.0272,0.0013333333333333333,0.001,0.005666666666666667,23.06666666666667,18.2,18.1,20.22,23.7125,28.45454545454545,42.42307692307692,24.52857142857143,24.34545454545454,28.88181818181818,24.25333333333333,20.52857142857143,28.414285714285718,23.344444444444445,23.05384615384615,24.95555555555556,29.300000000000004,28.011111111111113,21.85,25.6,25.625,29.66666666666667,21.077777777777783,31.86666666666667,26.34545454545455,31.22631578947368,28.33333333333333,25.7,25.6,24.15,23.55,23.540000000000006
1999-11-30,60.17666666666667,71.01739130434783,58.63666666666666,67.78666666666668,59.88666666666667,64.63999999999999,60.11666666666666,56.06666666666668,60.36666666666667,58.52333333333333,58.54666666666667,59.48,65.94666666666667,61.26499999999999,59.81818181818182,61.06399999999999,55.62666666666667,60.58666666666667,61.5818181818182,62.68888888888888,59.88666666666666,66.85,60.03,60.02666666666667,71.95333333333333,51.64333333333333,57.90666666666667,51.59666666666666,53.93793103448277,56.67,55.92666666666666,53.96,56.99655172413792,59.13666666666668,56.85666666666666,56.728571428571435,54.53333333333334,54.30666666666666,46.79333333333334,53.26000000000001,53.63333333333333,57.473333333333336,53.69333333333332,53.526666666666664,54.00333333333333,53.74666666666668,57.98,59.35,56.57333333333334,56.52,59.67333333333333,52.72,46.37333333333334,45.24333333333333,45.21333333333334,52.77,53.22666666666667,53.84285714285714,54.42333333333332,52.52333333333333,46.33999999999999,43.62333333333334,58.23333333333333,56.99999999999999,59.056000000000004,66.24666666666668,62.62666666666667,65.49999999999999,31.60333333333333,27.99130434782609,29.46666666666668,29.796666666666663,28.036666666666665,15.6,29.58,26.44,16.786666666666665,24.37333333333333,25.19,17.13333333333333,31.74,14.37,11.890909090909094,9.112000000000002,33.66666666666667,16.813333333333333,20.04545454545455,14.466666666666667,23.11333333333333,17.24,25.766666666666676,21.39333333333333,21.356666666666673,35.52,29.88000000000001,35.22,17.855172413793102,26.67333333333334,27.25333333333333,27.180000000000003,19.420689655172414,24.99,19.313333333333333,16.62857142857143,27.58,30.99333333333333,41.58000000000001,27.76,24.4,21.133333333333336,25.11,20.586666666666673,26.430000000000003,26.58333333333333,11.67333333333333,14.460000000000004,16.503333333333334,21.360000000000007,17.820000000000004,24.20333333333333,15.273333333333335,28.38,31.423333333333336,17.826666666666668,22.22,16.4,15.266666666666666,10.499999999999998,19.62,19.67,22.50000000000001,32.95454545454546,28.68,33.903333333333336,43.21666666666668,31.57333333333334,0.0,0.0,0.001,0.0,0.0013333333333333333,0.0,0.012333333333333332,0.061666666666666675,0.0013333333333333333,0.0016666666666666668,0.003,0.00034482758620689663,0.0,0.0,0.0,0.0004,0.0006896551724137933,0.011666666666666669,0.0,0.0,0.006000000000000001,0.0003703703703703704,0.004666666666666667,0.004666666666666665,0.0,0.0,0.0,0.001,0.0010344827586206897,0.01,0.017,0.012,0.027241379310344833,0.048,0.030000000000000006,0.0071428571428571435,0.04866666666666667,0.021379310344827585,0.0006666666666666666,0.030689655172413795,0.05333333333333334,0.0,0.04233333333333334,0.035333333333333335,0.05833333333333333,0.023333333333333338,0.0,0.0,0.04766666666666667,0.035666666666666666,0.0,0.15166666666666664,0.16999999999999998,0.0,0.0,0.04200000000000001,0.11033333333333332,0.3271428571428571,0.25655172413793104,0.08076923076923077,0.046071428571428576,0.19714285714285712,0.06814814814814814,0.0,0.0,0.0,0.0,0.0,22.15,21.4,14.0,23.633333333333336,22.75,25.12857142857143,33.1,26.6,26.157142857142855,28.616666666666664,26.072727272727274,24.525,25.45,19.633333333333336,25.57142857142857,21.985714285714288,25.96666666666667,26.36,22.4,22.685714285714287,24.363636363636363,26.56923076923077,19.981818181818184,25.83333333333333,25.35,27.899999999999995,33.40714285714286,28.9,25.8,28.9,20.02,25.95
2000-11-30,51.12333333333334,61.78571428571429,53.08000000000001,59.94333333333335,56.22000000000001,56.95333333333333,55.943333333333314,51.53333333333334,58.08666666666666,56.32,55.17333333333333,56.86999999999999,61.05333333333334,58.3,58.717647058823516,60.87727272727273,52.77407407407408,58.08333333333334,53.0217391304348,60.64333333333334,56.49333333333333,66.39999999999999,56.76000000000001,57.72000000000001,62.16,49.24,50.27333333333333,45.92333333333333,43.85666666666667,49.12666666666666,48.69333333333335,48.10333333333334,55.776923076923076,52.45333333333333,54.59666666666666,55.3185185185185,50.19333333333332,48.05333333333333,40.04,47.24333333333333,47.71,47.04333333333332,47.41666666666666,50.29333333333334,47.75333333333334,47.94999999999998,50.43666666666668,55.19333333333334,52.15333333333333,51.35,54.03333333333333,47.96333333333333,39.85,31.15333333333333,30.776666666666674,46.78000000000001,47.07000000000001,49.48333333333333,47.90999999999999,47.97666666666667,36.53333333333333,36.35333333333333,48.84,49.86190476190475,51.065384615384616,56.51666666666666,54.67,56.478571428571406,25.45666666666667,25.385714285714286,28.74000000000001,27.05333333333333,27.563333333333336,21.463333333333324,30.190000000000005,31.093333333333334,17.540000000000006,25.59333333333333,24.966666666666665,18.433333333333334,31.08,16.05217391304348,12.876470588235295,15.600000000000005,33.74444444444444,21.57333333333333,14.08695652173913,18.600000000000005,25.450000000000006,12.126315789473686,26.85333333333333,23.37333333333333,19.770000000000003,28.008,28.086666666666666,29.46,18.786666666666672,25.836666666666666,21.333333333333336,21.06,24.030769230769234,30.379999999999995,23.746666666666666,19.000000000000004,31.25333333333333,32.70333333333333,39.90999999999999,22.20666666666667,23.106666666666676,24.44666666666667,25.75666666666667,20.38,24.536666666666665,22.526666666666657,20.733333333333327,14.76,15.663333333333327,21.91666666666667,18.12,27.31000000000001,14.640000000000002,26.42142857142857,29.18,21.40333333333333,24.68666666666667,14.999999999999998,16.863333333333333,12.666666666666664,19.5,22.54,21.06,29.447619047619053,25.95769230769231,32.60333333333333,37.96,29.02857142857143,0.0,0.0,0.003448275862068966,0.0,0.0,0.001,0.0,0.00034482758620689663,0.011000000000000001,0.005666666666666667,0.006333333333333335,0.004,0.0,0.0,0.0,0.0,0.0,0.0023333333333333327,0.0,0.0,0.0,0.0,0.009666666666666669,0.002,0.0,0.0,0.0,0.0,0.005172413793103447,0.0003333333333333333,0.0023333333333333327,0.0,0.0,0.001,0.0,0.0,0.0,0.0033333333333333327,0.0,0.005000000000000001,0.023666666666666662,0.025,0.021333333333333336,0.009000000000000001,0.008571428571428572,0.008620689655172414,0.01148148148148148,0.0,0.033000000000000015,0.013333333333333334,0.0,0.048,0.08444444444444445,0.0,0.016000000000000004,0.0108,0.022000000000000002,0.06999999999999999,0.15033333333333332,0.09592592592592593,0.0,0.01678571428571429,0.03,0.0,0.0,0.0006666666666666666,0.0013333333333333333,0.0,25.4,22.340000000000003,20.0,22.8,22.01818181818182,31.557142857142853,37.96,25.5,26.655555555555555,23.4,24.868421052631568,24.875,25.3625,21.56,21.626666666666665,23.5,21.98333333333333,27.33333333333333,21.6,25.42857142857143,20.28181818181818,23.19090909090909,18.95,22.4,23.9,23.514285714285716,23.633333333333336,24.175,25.33333333333333,27.450000000000006,20.425,21.0
2001-11-30,60.18064516129034,69.9391304347826,57.73548387096776,68.65161290322581,59.458064516129035,59.26451612903226,59.33225806451612,56.74838709677421,60.95806451612901,60.096774193548384,57.81935483870967,60.948387096774205,63.09032258064517,59.88636363636363,61.84,61.75000000000001,56.731034482758616,60.364516129032246,62.72608695652174,61.50000000000001,59.8548387096774,65.02333333333334,59.774193548387096,59.75806451612904,65.36451612903228,55.05200000000001,57.622580645161285,53.225806451612904,50.24333333333333,57.27419354838711,55.91290322580645,54.3741935483871,58.53703703703703,57.287096774193536,57.503225806451596,59.08571428571425,55.303225806451614,53.296774193548394,45.1741935483871,54.21935483870967,55.03870967741935,54.619354838709675,55.122580645161285,54.31612903225804,54.6741935483871,55.712903225806436,56.0,59.33225806451615,56.77741935483871,56.69032258064516,59.54516129032258,52.90967741935484,43.483870967741936,36.89032258064517,35.54516129032257,51.551612903225816,53.29032258064516,52.268,51.0741935483871,51.20967741935482,41.404,40.616129032258065,56.20645161290322,57.175,56.3125,65.83548387096774,64.93870967741935,66.09354838709677,24.90645161290322,23.217391304347835,25.083870967741948,25.59032258064516,24.258064516129032,16.687096774193545,24.909677419354843,24.029032258064518,13.158064516129036,18.64193548387097,20.658064516129038,11.577419354838707,23.63225806451613,10.618181818181819,12.79,5.672727272727276,23.16206896551724,16.248387096774188,16.747826086956522,12.960000000000004,20.38064516129032,16.26,21.735483870967744,17.245161290322578,24.09032258064517,25.344,26.525806451612908,29.16774193548387,16.66,23.970967741935485,21.838709677419356,20.49677419354839,17.68846153846154,21.63225806451613,16.82903225806452,14.742857142857144,22.890322580645165,26.96129032258064,36.86451612903226,22.235483870967737,20.11612903225807,20.2,22.177419354838705,17.53225806451613,24.219354838709673,22.11935483870968,19.274193548387093,14.10967741935484,15.590322580645163,20.470967741935485,17.593548387096774,22.87096774193548,13.583870967741936,25.838709677419352,27.45483870967741,21.454838709677414,20.958064516129035,16.012000000000004,17.50645161290323,12.180645161290322,23.332,19.561290322580646,18.812903225806462,26.212499999999995,23.8625,30.241935483870968,33.438709677419354,27.754838709677426,0.0,0.0013043478260869564,0.033793103448275866,0.005483870967741936,0.0535483870967742,0.05500000000000002,0.04193548387096775,0.10903225806451612,0.0235483870967742,0.028333333333333325,0.03870967741935484,0.00962962962962963,0.0,0.0,0.0285,0.0,0.03357142857142857,0.04483870967741936,0.0,0.0,0.028999999999999998,0.02642857142857143,0.0467741935483871,0.03806451612903226,0.0029032258064516127,0.02130434782608696,0.017586206896551725,0.020000000000000004,0.05172413793103449,0.01833333333333333,0.06677419354838711,0.0,0.04923076923076922,0.12870967741935485,0.04133333333333333,0.01857142857142857,0.07225806451612903,0.06096774193548389,0.03612903225806451,0.022580645161290325,0.08129032258064517,0.09,0.09193548387096774,0.06870967741935484,0.06516129032258064,0.05935483870967743,0.105,0.0,0.15032258064516124,0.07193548387096774,0.0,0.2551612903225807,0.14433333333333334,0.0,0.05225806451612903,0.1861290322580645,0.16870967741935486,0.2956000000000001,0.2933333333333333,0.23766666666666664,0.044583333333333336,0.14413793103448275,0.09483870967741936,0.0016666666666666668,0.0,0.0003225806451612903,0.0012903225806451613,0.0035483870967741938,33.44285714285714,19.4,23.05,21.271428571428565,20.36,28.016666666666666,49.96666666666667,23.4,26.98,35.41428571428572,26.79166666666666,25.633333333333336,21.633333333333336,24.157142857142855,22.850000000000005,25.0,31.78,29.61666666666667,27.5,28.442857142857147,27.56923076923077,24.8125,20.19,28.9625,24.1,28.2,32.542857142857144,30.160000000000004,21.475,26.58,23.685714285714287,24.87
2002-11-30,59.479310344827596,69.28571428571429,61.81,68.42333333333333,63.11333333333334,63.57586206896552,63.56,57.09,62.90000000000001,62.06666666666668,62.06333333333334,62.70666666666667,66.09999999999998,64.28333333333333,61.99615384615385,64.64736842105265,59.74666666666666,63.223333333333336,60.147619047619045,66.74666666666666,62.68666666666668,69.47931034482761,63.00666666666668,63.04333333333334,63.37999999999999,55.00333333333334,56.1,51.90333333333333,50.88,56.35666666666667,55.06333333333332,52.73571428571428,62.41666666666665,56.60000000000001,60.69666666666666,63.715,56.86666666666667,52.67666666666666,45.71333333333333,52.76666666666665,53.15666666666666,52.83666666666669,52.62333333333334,56.24666666666666,52.61999999999999,52.94333333333334,56.14333333333333,59.98333333333334,57.32,56.68666666666666,60.923333333333346,52.66666666666666,48.01333333333332,40.88000000000001,35.72,51.244827586206895,52.99333333333335,51.42962962962964,50.74,52.73666666666667,40.46,41.58,54.38999999999999,58.45416666666668,57.089285714285715,63.84333333333335,64.01333333333334,64.79333333333332,24.64137931034483,28.43333333333333,27.12,27.52,26.540000000000006,22.53793103448276,27.54666666666668,30.02,19.55333333333333,25.58333333333334,25.280000000000005,18.113333333333333,29.48275862068965,17.87777777777778,11.104000000000001,11.284210526315787,31.88666666666667,22.36,17.228571428571428,18.36,27.0,19.737931034482767,28.020000000000003,24.23,24.280000000000005,30.659999999999986,31.276666666666664,34.02666666666667,16.85333333333333,24.910000000000004,24.829999999999995,22.500000000000004,21.26333333333333,29.35333333333333,22.779999999999994,17.190000000000005,31.27333333333333,32.68333333333334,37.25333333333333,25.23,25.81666666666666,27.746666666666666,26.776666666666664,22.66,25.996666666666673,23.53666666666667,22.12333333333333,17.76,17.593333333333334,23.62666666666666,21.239999999999995,30.040000000000006,14.543333333333333,26.164285714285718,30.09666666666666,29.310344827586214,28.816666666666666,21.53333333333333,22.643333333333334,16.773333333333333,28.21,26.01,23.280000000000005,28.2875,25.42857142857143,32.74,37.55333333333333,29.15333333333333,0.006071428571428572,0.0004761904761904762,0.02,0.004666666666666667,0.0,0.02035714285714286,0.005333333333333333,0.107,0.010666666666666666,0.03333333333333333,0.014333333333333337,0.01103448275862069,0.0,0.0,0.0020833333333333333,0.0,0.02517241379310345,0.05466666666666667,0.0,0.0,0.014666666666666668,0.039642857142857146,0.030000000000000006,0.043,0.0036666666666666666,0.015666666666666666,0.012666666666666666,0.022,0.034,0.04866666666666667,0.061999999999999986,0.0007142857142857143,0.051071428571428566,0.193,0.05033333333333333,0.028000000000000004,0.09233333333333336,0.049666666666666665,0.05566666666666666,0.06266666666666668,0.08275862068965513,0.08066666666666664,0.08299999999999998,0.06266666666666668,0.0783333333333333,0.07199999999999998,0.08933333333333332,0.0,0.09833333333333333,0.06166666666666666,0.0,0.0933333333333333,0.282,0.15785714285714286,0.0596551724137931,0.15137931034482754,0.08133333333333334,0.047407407407407405,0.043,0.09366666666666663,0.046000000000000006,0.04666666666666667,0.07333333333333332,0.0,0.010714285714285716,0.009000000000000001,0.009000000000000001,0.001,30.812500000000004,23.7,21.01428571428571,27.516666666666666,23.738461538461536,33.5,38.266666666666666,26.59375,26.08,26.25454545454545,28.14166666666667,26.842857142857145,21.83333333333333,23.1,23.863636363636363,25.98,27.8625,32.975,27.0,35.3,24.30769230769231,28.861538461538462,20.450000000000006,26.82857142857143,25.45,29.31111111111111,35.5,28.97,26.8,27.25,31.78,26.542857142857148
2003-11-30,52.85,64.14285714285714,55.47666666666667,60.84,56.71333333333333,58.96333333333334,56.81666666666668,54.07333333333332,60.600000000000016,58.399999999999984,57.74333333333335,59.94000000000001,62.16333333333333,61.3,58.61428571428571,65.68333333333334,55.33333333333334,59.21333333333333,53.855,61.32333333333334,59.11999999999999,63.744827586206895,59.21666666666668,59.026666666666664,58.03666666666667,50.59333333333334,52.17333333333333,47.53,42.66666666666666,54.20000000000001,51.56666666666666,50.8,56.66071428571429,53.65,56.38666666666667,58.75238095238095,53.24,48.31666666666667,39.67333333333333,49.81999999999999,50.6,49.74333333333333,50.1,52.82999999999999,49.90999999999999,50.67333333333333,52.49333333333333,56.34333333333332,53.85666666666667,53.06666666666668,56.60999999999999,49.44333333333332,38.193333333333335,33.493333333333325,32.016666666666666,47.71,49.38,49.0206896551724,48.56333333333333,49.24666666666666,38.97333333333333,37.48333333333333,51.26999999999999,51.02500000000001,55.30357142857143,59.24,57.89333333333334,59.8,21.203333333333333,21.771428571428576,23.40000000000001,22.313333333333336,24.20333333333333,20.293333333333333,25.660000000000004,25.03333333333333,15.933333333333339,21.203333333333333,22.07666666666667,14.626666666666672,24.6,11.20588235294118,11.590476190476188,13.145833333333336,27.676666666666666,18.680000000000003,14.31,18.300000000000004,22.65,18.7448275862069,24.586666666666666,20.286666666666672,21.76666666666667,24.42,24.71666666666667,30.18666666666667,16.62,23.146666666666665,24.67,22.800000000000004,18.789285714285718,26.676666666666666,18.723333333333336,18.25714285714286,26.88666666666667,29.12666666666667,34.21666666666667,27.02000000000001,22.42333333333333,23.176666666666666,22.77000000000001,19.95,25.406666666666666,24.700000000000006,18.500000000000004,14.160000000000005,14.54,21.42333333333334,16.92,23.89666666666667,13.11,22.860000000000007,24.363333333333333,20.450000000000006,20.123333333333328,18.365517241379308,19.62,12.946666666666665,22.20333333333333,18.51,20.46,20.97083333333333,22.985714285714288,29.176666666666666,31.60333333333333,25.98333333333334,0.0014285714285714286,0.005714285714285715,0.03965517241379311,0.036333333333333336,0.023666666666666662,0.004666666666666667,0.004666666666666667,0.065,0.016,0.01833333333333333,0.01966666666666667,0.011379310344827587,0.0,0.004705882352941177,0.0,0.0,0.0014285714285714286,0.04066666666666667,0.0,0.0,0.014333333333333337,0.013214285714285715,0.008333333333333333,0.013,0.013333333333333334,0.014827586206896554,0.037000000000000005,0.01933333333333333,0.02300000000000001,0.02033333333333333,0.014333333333333332,0.02333333333333333,0.035357142857142865,0.03833333333333334,0.03266666666666666,0.025714285714285717,0.06799999999999999,0.030000000000000006,0.04066666666666667,0.02200000000000001,0.050666666666666665,0.06266666666666668,0.05200000000000001,0.04066666666666667,0.049000000000000016,0.022333333333333337,0.025666666666666667,0.0,0.049000000000000016,0.059333333333333335,0.0,0.06333333333333334,0.16166666666666665,0.026551724137931037,0.055999999999999994,0.11866666666666666,0.10499999999999997,0.20344827586206896,0.16666666666666666,0.25833333333333336,0.055862068965517236,0.20333333333333334,0.04111111111111111,0.01916666666666667,0.008333333333333333,0.0026666666666666666,0.02866666666666667,0.011666666666666669,24.475,22.96,18.966666666666665,29.9,22.5,24.18888888888889,37.4,23.614285714285714,22.85,26.157142857142855,23.857142857142854,21.56,20.4,19.83333333333333,22.6125,19.275,23.35,21.84,17.475,24.15833333333333,21.028571428571436,22.25555555555555,17.950000000000006,23.225,22.766666666666666,24.04615384615385,27.200000000000006,20.200000000000006,25.02,24.33333333333333,19.633333333333333,20.4875
2004-11-30,58.08666666666667,63.42173913043479,53.12666666666665,60.62,56.40333333333334,57.88333333333332,56.27333333333333,52.24333333333333,60.09333333333335,57.52,55.526666666666664,58.29333333333333,60.776666666666664,60.64736842105264,58.88695652173912,62.0590909090909,53.87666666666666,59.06000000000002,55.22727272727274,61.36333333333334,58.15172413793104,64.98666666666665,57.81666666666664,59.28666666666667,59.54666666666667,50.51333333333333,51.89666666666666,47.79333333333334,43.85666666666667,51.98,51.27,49.37666666666667,57.14285714285713,53.65333333333334,58.13333333333333,58.665000000000006,52.12333333333334,47.776666666666664,43.06333333333333,50.276666666666664,50.95666666666667,50.43333333333333,50.65666666666666,53.66333333333332,50.99666666666667,50.66333333333333,53.01000000000001,56.98666666666666,55.12333333333333,54.170000000000016,56.02666666666667,50.42068965517243,41.17,32.52333333333333,32.160000000000004,48.82666666666666,51.65333333333334,48.07083333333333,47.86666666666668,49.54666666666667,39.79666666666665,39.54,51.74,51.58461538461538,53.518518518518505,58.63333333333333,58.07666666666667,58.54333333333333,20.8,21.92173913043479,24.37,24.41666666666667,23.65333333333334,19.80333333333333,22.956666666666674,25.15,16.116666666666667,21.406666666666673,23.39333333333333,14.783333333333333,24.84000000000001,13.047368421052635,11.704347826086956,8.18095238095238,29.026666666666664,18.98,17.018181818181816,16.860000000000007,19.434482758620693,15.600000000000005,23.52,20.0,20.453333333333326,26.28,26.43666666666667,30.74666666666667,17.96,22.156666666666673,18.57,20.896666666666672,19.664285714285715,27.67,19.9,17.91,27.263333333333332,29.1,29.83666666666667,19.963333333333328,21.373333333333328,23.32333333333333,21.84666666666667,18.279999999999994,22.356666666666666,19.106666666666666,19.426666666666673,14.160000000000002,15.303333333333335,20.57,17.1,25.79655172413793,17.063333333333325,26.46,28.556666666666665,26.879999999999995,24.180000000000003,18.78333333333333,20.536666666666672,15.576666666666664,24.11333333333334,22.08,19.74,24.511538461538464,18.28148148148148,28.546666666666674,31.243333333333336,24.43333333333333,0.004666666666666667,0.02739130434782609,0.013571428571428571,0.035666666666666666,0.019310344827586205,0.016,0.014000000000000002,0.07999999999999995,0.012666666666666666,0.015333333333333334,0.02866666666666667,0.020000000000000004,0.0,0.0,0.0,0.0,0.023928571428571428,0.004,0.0,0.0,0.01206896551724138,0.016896551724137933,0.023666666666666676,0.03033333333333333,0.01148148148148148,0.005666666666666665,0.03133333333333334,0.005714285714285715,0.002,0.006,0.02766666666666667,0.017,0.002857142857142857,0.0026666666666666666,0.005333333333333333,0.040999999999999995,0.02466666666666667,0.053000000000000005,0.03866666666666667,0.044666666666666674,0.09966666666666664,0.08466666666666668,0.09700000000000003,0.014333333333333337,0.06533333333333333,0.04033333333333334,0.052333333333333336,0.0,0.04066666666666666,0.014000000000000002,0.0,0.09517241379310347,0.14379310344827587,0.0162962962962963,0.05833333333333333,0.03827586206896552,0.068,0.03083333333333333,0.038,0.04517241379310346,0.024,0.04206896551724138,0.04448275862068965,0.0,0.015416666666666669,0.027999999999999997,0.033,0.011379310344827587,24.857142857142854,18.58,22.96666666666667,20.428571428571427,25.08888888888889,28.95714285714286,24.985714285714284,26.0875,26.0,25.77,26.592307692307696,25.3875,23.75,21.95,26.966666666666665,22.766666666666666,24.114285714285717,26.96,25.0,25.43333333333333,20.066666666666674,20.45384615384615,17.18,27.544444444444448,22.975,22.241666666666664,21.66666666666667,26.3375,20.966666666666665,21.944444444444446,20.783333333333328,25.12857142857143
2005-11-30,64.13225806451611,68.32307692307693,61.13548387096774,66.9774193548387,61.99677419354839,63.058064516129036,62.72903225806451,57.86774193548386,62.78064516129032,61.806451612903224,64.28709677419356,62.3,66.05806451612904,65.03499999999998,64.12727272727274,69.25714285714285,57.796774193548394,63.54838709677418,60.505263157894724,66.60000000000001,62.90000000000001,70.33793103448275,62.55161290322582,63.33548387096774,65.35806451612905,55.3,57.55483870967742,52.8032258064516,51.31612903225806,57.70645161290322,56.86451612903226,55.26785714285715,61.91071428571429,57.49032258064516,60.72903225806451,58.622580645161314,56.6741935483871,54.083870967741916,47.55483870967742,54.35806451612903,54.03548387096775,53.3709677419355,54.14838709677419,56.3741935483871,55.583870967741916,54.996774193548404,55.48387096774193,60.65806451612902,56.854838709677416,57.07741935483872,59.90000000000001,52.89032258064517,47.303225806451614,36.116129032258065,37.461290322580645,50.39354838709678,53.103225806451604,49.70416666666666,48.89677419354838,50.274193548387096,38.45483870967743,39.4516129032258,56.80645161290321,58.60454545454546,58.43461538461536,64.3451612903226,63.69677419354839,64.19677419354839,23.387096774193548,26.73461538461539,29.464516129032265,28.403225806451612,27.51290322580645,20.9,27.880645161290325,30.480645161290322,18.403225806451616,26.590322580645164,28.432258064516123,15.9,27.464516129032265,14.475,8.554545454545455,13.364285714285714,33.52758620689655,21.416129032258066,13.168421052631581,18.522580645161284,25.403225806451612,18.000000000000004,28.590322580645164,25.177419354838708,26.316129032258072,29.55483870967742,30.54193548387097,32.93225806451613,17.55161290322581,28.18064516129032,26.07741935483871,25.328571428571443,19.732142857142858,31.97741935483871,23.893548387096786,24.30322580645161,31.57741935483871,36.73548387096775,41.783870967741926,29.41935483870968,28.10322580645161,27.02258064516129,26.861290322580643,21.119354838709683,30.180645161290318,27.71935483870968,22.774193548387103,17.361290322580647,18.535483870967752,25.541935483870965,21.135483870967747,30.135483870967747,13.380645161290321,28.551724137931046,27.66451612903225,29.33548387096773,27.56451612903225,16.625,17.132258064516133,14.51935483870968,23.71935483870968,21.745161290322585,21.54193548387097,29.86818181818182,28.75769230769231,31.90967741935484,37.32903225806452,30.27741935483871,0.0,0.0,0.0,0.0,0.011290322580645159,0.013548387096774195,0.013548387096774195,0.02870967741935484,0.004516129032258064,0.005483870967741936,0.0038709677419354843,0.0006896551724137933,0.0,0.0,0.010454545454545454,0.0,0.0006666666666666666,0.016129032258064516,0.0,0.0,0.004193548387096774,0.00793103448275862,0.004516129032258065,0.00903225806451613,0.0009677419354838711,0.0,0.0,0.0,0.008064516129032258,0.008387096774193548,0.005483870967741936,0.0003571428571428572,0.014814814814814815,0.0632258064516129,0.01741935483870968,0.035,0.06483870967741935,0.013870967741935485,0.0,0.004838709677419355,0.028387096774193557,0.0929032258064516,0.04741935483870968,0.02,0.011290322580645159,0.010967741935483874,0.060322580645161286,0.0,0.03967741935483872,0.011935483870967744,0.0,0.09870967741935484,0.19451612903225804,0.025185185185185185,0.043548387096774194,0.1661290322580645,0.15677419354838712,0.1812499999999999,0.2670967741935483,0.3083870967741935,0.1529032258064516,0.16032258064516128,0.040645161290322585,0.0,0.006250000000000001,0.0,0.0,0.0,20.5,25.1,20.61428571428572,21.75,24.0375,24.0,31.8625,26.0,24.9,29.03333333333333,28.05,25.66666666666667,26.3875,21.87272727272727,26.513333333333332,21.508333333333336,22.566666666666666,24.344444444444445,19.471428571428564,23.1,23.04666666666667,26.00588235294117,16.96666666666667,26.91111111111111,23.854545454545452,25.538888888888888,25.392307692307693,23.675,25.76,27.98,19.06,22.272727272727273
2006-11-30,58.43333333333333,69.33913043478262,59.71333333333334,68.34333333333333,61.97000000000001,61.80666666666666,63.19333333333334,58.27,62.93333333333335,62.35,60.88,66.0,64.01666666666668,63.87894736842105,66.47894736842106,66.63636363636364,57.55,62.67666666666667,60.19545454545455,66.01481481481481,62.54666666666666,64.97241379310346,62.82333333333332,63.3,63.57000000000001,56.903448275862075,57.76999999999999,53.85,51.07000000000002,55.20000000000001,54.60333333333333,53.03666666666667,60.88928571428573,58.19000000000001,59.71666666666666,55.15333333333332,58.71333333333334,52.84666666666667,46.05666666666666,52.70666666666666,52.81666666666666,51.74333333333332,52.77333333333334,55.01333333333334,53.93333333333333,54.71,55.03000000000001,59.24666666666666,55.45,55.776666666666664,58.23,51.97000000000001,43.38666666666666,37.393333333333345,37.25333333333332,50.43000000000002,52.01000000000001,50.84999999999999,50.77000000000002,49.88999999999999,42.33,40.38,53.35333333333333,57.92500000000001,52.81666666666667,66.17333333333335,63.58275862068968,64.30999999999999,29.55,29.01818181818183,31.05,26.92333333333334,25.719999999999995,18.736666666666668,26.200000000000006,24.46333333333333,16.953333333333337,20.956666666666663,23.22666666666667,13.986666666666665,26.193103448275863,12.626315789473686,13.463157894736845,9.386363636363637,31.95000000000001,19.57,17.400000000000002,19.66666666666667,25.54333333333333,17.44137931034483,26.026666666666674,19.556666666666672,24.690000000000005,30.103448275862068,27.61,32.24482758620689,20.30666666666666,22.050000000000004,21.316666666666666,21.660000000000004,22.271428571428565,28.47666666666667,20.256666666666664,19.76,29.30344827586207,31.863333333333333,41.42,20.586666666666673,18.77,18.92333333333333,19.286666666666672,15.723333333333334,24.186666666666664,19.509999999999987,15.839999999999998,14.04,14.583333333333336,17.679999999999996,16.440000000000005,21.446666666666676,10.409999999999998,24.70344827586208,23.47333333333333,19.26333333333333,21.100000000000005,17.90357142857143,14.336666666666668,10.756666666666666,19.78,15.380000000000004,18.54,28.070833333333336,25.17666666666667,31.10666666666667,33.31034482758621,29.61333333333334,0.0,0.0,0.001,0.0,0.003,0.005666666666666665,0.005,0.02033333333333333,0.005,0.011666666666666669,0.008666666666666666,0.0,0.0,0.0,0.0,0.0,0.0035714285714285718,0.008333333333333333,0.0,0.0,0.0036666666666666666,0.00206896551724138,0.005,0.005333333333333333,0.0,0.0,0.0,0.0,0.0036666666666666666,0.0006666666666666666,0.009000000000000001,0.0006666666666666666,0.0,0.01533333333333333,0.005000000000000001,0.015333333333333334,0.014666666666666666,0.006999999999999999,0.0,0.030000000000000006,0.03833333333333333,0.05100000000000001,0.04866666666666667,0.036000000000000004,0.03833333333333334,0.03833333333333334,0.07200000000000001,0.0,0.06200000000000001,0.037000000000000005,0.0,0.12733333333333333,0.24766666666666665,0.09346153846153847,0.05400000000000001,0.13899999999999993,0.06266666666666668,0.3517857142857142,0.31833333333333325,0.5016666666666665,0.06766666666666668,0.11566666666666668,0.05333333333333333,0.0,0.005,0.0,0.0,0.0,27.7125,27.425,20.275,17.975,24.03333333333333,30.45454545454546,30.392307692307693,24.56,23.613333333333333,30.472727272727276,28.85,27.09,24.33750000000001,21.79285714285714,24.715384615384608,20.2,22.19,23.142857142857146,20.24,25.32727272727273,25.315789473684216,25.94090909090909,17.529999999999998,25.65833333333333,22.65,28.204347826086952,24.323076923076922,22.81111111111111,27.71,23.87142857142857,23.380000000000006,25.02857142857143
2007-11-30,59.90666666666666,65.41666666666664,57.69666666666667,69.46333333333334,60.06999999999999,59.45000000000001,60.87666666666669,56.19333333333334,60.89333333333333,60.43,59.75333333333335,63.723333333333336,60.792857142857144,59.7,64.02272727272727,62.38823529411766,57.77,61.15999999999999,62.26521739130435,63.03999999999999,61.63000000000001,62.50000000000001,62.69666666666665,61.13333333333332,66.11333333333333,53.05666666666666,58.49333333333332,54.10000000000001,54.89333333333333,57.39666666666667,56.63000000000001,54.17333333333333,56.74666666666667,54.45,56.63666666666667,53.71333333333334,55.80333333333334,53.04333333333334,46.86666666666667,53.553333333333356,53.84333333333334,53.44333333333332,53.75000000000002,55.67000000000001,55.40666666666667,56.45,54.25000000000001,59.09666666666666,54.95000000000001,55.899999999999984,58.54666666666666,51.67666666666667,50.46,40.84666666666667,37.236666666666665,50.34666666666666,55.22,49.32068965517242,48.67,50.06333333333335,39.98333333333333,41.85000000000001,53.74,55.61999999999998,53.82000000000002,65.03666666666666,64.55333333333333,65.64,26.76,31.72333333333333,33.91333333333334,25.800000000000004,24.13000000000001,14.7,25.99,28.36666666666667,13.083333333333336,16.63666666666667,18.323333333333334,12.14666666666667,16.714285714285722,15.286666666666667,11.377272727272727,7.470588235294117,24.18666666666667,15.023333333333332,21.6,13.560000000000004,20.48666666666667,15.364285714285712,20.39333333333333,16.153333333333332,24.82333333333333,37.91666666666666,29.386666666666667,37.16666666666666,18.51,23.34333333333334,25.106666666666676,25.800000000000004,18.763333333333332,21.64666666666667,16.16666666666667,20.703333333333337,29.070000000000004,35.22,41.696666666666665,27.50666666666667,26.47,27.78333333333333,26.82333333333333,18.790000000000006,29.84333333333333,25.60333333333333,19.333333333333336,16.92,18.16,21.87333333333334,21.06,28.483333333333334,13.12,30.343333333333334,29.41666666666667,29.02333333333333,28.66,19.820689655172405,16.65,14.253333333333336,24.593333333333334,21.969999999999995,27.81,35.18,29.96333333333333,30.91333333333333,35.52,30.05666666666667,0.012,0.007333333333333333,0.022,0.0,0.0003333333333333333,0.0003333333333333333,0.001,0.0023333333333333327,0.0013333333333333333,0.002666666666666666,0.002,0.002,0.0,0.0013333333333333333,0.0,0.0,0.0006666666666666666,0.0,0.0,0.0,0.0,0.014285714285714287,0.0006666666666666666,0.0006666666666666666,0.001,0.006,0.0,0.0,0.0003333333333333333,0.002,0.003,0.0006666666666666666,0.0,0.003,0.0003333333333333333,0.003999999999999999,0.0013333333333333333,0.0,0.001,0.008666666666666666,0.028333333333333325,0.014333333333333337,0.036333333333333336,0.01966666666666667,0.02333333333333333,0.014000000000000002,0.037000000000000005,0.0,0.02333333333333333,0.01833333333333333,0.0,0.02733333333333333,0.06699999999999999,0.017857142857142856,0.03133333333333333,0.02366666666666667,0.012333333333333332,0.09103448275862068,0.10766666666666663,0.212,0.03233333333333334,0.01833333333333333,0.031071428571428576,0.01,0.0013333333333333333,0.010000000000000002,0.0,0.004,23.975,21.7,22.21666666666667,17.366666666666664,21.97142857142857,22.45,25.85,27.5,22.953846153846158,19.05,24.4,21.728571428571424,21.98333333333333,23.59166666666667,24.266666666666666,23.59,22.277777777777782,23.03333333333333,19.775,25.525,19.8,20.142857142857142,19.0,22.338461538461537,24.02,23.01875,20.166666666666668,24.63636363636364,24.314285714285717,20.0,20.75,24.4
2008-11-30,60.731034482758616,67.24666666666668,60.14333333333335,70.10999999999999,63.51666666666667,62.90666666666666,64.70333333333333,61.39333333333333,63.90000000000001,63.11,63.10666666666666,67.46,67.29375,61.12333333333334,64.87666666666668,65.32380952380952,59.17333333333333,63.38,59.215,65.88,63.3,62.036666666666676,64.06000000000002,64.32666666666668,65.73333333333332,52.93,58.96666666666667,53.93333333333334,51.54333333333331,57.59333333333334,56.84666666666668,54.72333333333333,60.12000000000001,59.29666666666667,61.11333333333334,58.57000000000002,58.84666666666669,54.37333333333334,49.41333333333333,56.14000000000001,54.41666666666666,54.62333333333334,54.20666666666666,57.28666666666666,54.85666666666667,56.93333333333332,57.21333333333334,59.66999999999999,57.23666666666666,58.06333333333333,61.44000000000001,53.59333333333334,50.19000000000001,35.54333333333333,38.39,52.09,55.16,52.167857142857144,51.72,52.49,41.67333333333333,42.71000000000001,54.48999999999999,55.46000000000002,56.33333333333334,67.01,66.08333333333334,66.46999999999998,24.593103448275862,30.53333333333333,33.55333333333333,24.94666666666667,25.29,19.32,26.58,24.57666666666667,19.08333333333333,22.726666666666667,23.120000000000005,18.84,28.800000000000004,20.47,14.896666666666665,15.547619047619047,32.49333333333333,18.44,20.79,18.120000000000005,24.98333333333333,23.746666666666666,24.93666666666666,20.41666666666667,22.656666666666666,31.27333333333333,26.52333333333333,31.47333333333333,17.84,21.316666666666674,22.09666666666667,22.08,20.89333333333333,25.6,19.083333333333336,20.35333333333333,28.07,30.52333333333333,38.11000000000001,23.45666666666667,21.76666666666667,23.59666666666666,22.876666666666665,17.786666666666672,25.11666666666667,21.836666666666666,15.86666666666667,13.98,15.789999999999996,18.856666666666673,16.2,23.77333333333333,12.3,26.82,26.613333333333333,22.50666666666667,25.930000000000003,17.09642857142857,13.676666666666668,11.363333333333333,21.57666666666667,21.74333333333334,21.986666666666668,30.96333333333333,26.08666666666667,30.79655172413793,32.75000000000001,27.37666666666667,0.027241379310344833,0.0006666666666666666,0.030333333333333337,0.01633333333333333,0.06666666666666668,0.046000000000000006,0.05966666666666666,0.05666666666666668,0.083,0.05466666666666667,0.058666666666666666,0.05566666666666666,0.0,0.07166666666666667,0.013333333333333334,0.0,0.07333333333333332,0.07,0.0,0.0,0.105,0.07366666666666664,0.057999999999999996,0.10966666666666666,0.028999999999999998,0.025666666666666667,0.042,0.05166666666666666,0.10233333333333336,0.035666666666666666,0.049666666666666665,0.056333333333333326,0.014000000000000002,0.06666666666666668,0.016,0.030344827586206893,0.07833333333333332,0.015666666666666666,0.02333333333333333,0.03,0.08499999999999999,0.08566666666666663,0.07333333333333326,0.037000000000000005,0.040000000000000015,0.01966666666666667,0.061666666666666675,0.0,0.06733333333333333,0.03866666666666666,0.0,0.1116666666666666,0.2106666666666667,0.11214285714285714,0.059,0.10799999999999996,0.05866666666666667,0.17499999999999996,0.16899999999999996,0.24566666666666664,0.046000000000000006,0.20633333333333329,0.08099999999999999,0.01633333333333333,0.009000000000000001,0.0013333333333333333,0.01633333333333333,0.008333333333333333,23.673333333333336,24.94,19.466666666666672,19.33333333333333,23.127272727272725,29.380000000000006,26.4125,27.1,31.3,29.5,27.0,24.808333333333334,24.59375,25.40454545454545,24.00625,21.025,22.355555555555554,21.5,19.2875,27.2625,28.4,27.46363636363636,22.016666666666666,28.54444444444444,25.266666666666666,27.69,30.82,26.5875,26.85,24.65,26.85,25.02222222222223
2009-11-30,57.68387096774194,64.13548387096775,57.0774193548387,67.3741935483871,61.203225806451606,60.57096774193547,61.864516129032246,55.29999999999999,61.01935483870968,60.3258064516129,59.96129032258065,63.55483870967742,63.09565217391304,57.42903225806453,59.27741935483871,63.16666666666668,55.24193548387096,61.0258064516129,59.99047619047621,64.21666666666667,60.99677419354839,59.541935483870965,61.012903225806454,60.7,63.81935483870968,49.56129032258065,55.5774193548387,50.31935483870967,49.99354838709678,55.36774193548386,53.49354838709679,51.66666666666667,57.24838709677419,56.16774193548388,57.88064516129033,54.03548387096774,54.85161290322581,49.66774193548387,44.79354838709678,51.16774193548387,52.10645161290322,52.39354838709678,51.3258064516129,53.032258064516114,52.21612903225806,52.34516129032257,53.84193548387096,57.70645161290322,56.303225806451614,54.603225806451576,59.23548387096774,50.2967741935484,46.91290322580645,34.22258064516129,37.58064516129033,49.08387096774193,52.306451612903224,49.9,49.280645161290295,50.145161290322584,39.68387096774194,39.66774193548388,51.603225806451604,52.57741935483872,51.00645161290322,63.92903225806453,61.54516129032256,63.45483870967743,26.335483870967746,32.51290322580646,40.30967741935483,27.19032258064517,28.064516129032263,20.03870967741936,28.532258064516128,29.12258064516129,18.777419354838703,23.90645161290323,25.006451612903227,19.474193548387092,26.843478260869563,20.90322580645161,13.964516129032258,14.883333333333335,35.961290322580645,20.583870967741944,26.314285714285717,18.72,27.138709677419357,26.8483870967742,27.27741935483871,21.96129032258065,25.99677419354839,37.97096774193549,30.89032258064516,38.23870967741935,19.13870967741936,27.354838709677423,27.43548387096775,27.6,23.49677419354839,26.44516129032259,21.40967741935484,23.96129032258065,32.48709677419356,36.18709677419355,40.15161290322581,27.951612903225808,25.267741935483876,26.351612903225803,25.790322580645164,19.529032258064515,29.03870967741935,25.98387096774193,20.3483870967742,16.08387096774194,18.42903225806452,22.870967741935488,21.077419354838707,28.09032258064517,12.40967741935484,29.94000000000001,29.483870967741932,27.251612903225805,27.570967741935487,20.05333333333333,16.203225806451613,14.396774193548387,25.203225806451613,21.864516129032264,29.916129032258073,36.570967741935476,31.67096774193548,32.10967741935484,36.7967741935484,31.19677419354839,0.0025806451612903226,0.0,0.0022580645161290325,0.0016129032258064516,0.0003225806451612903,0.0,0.0,0.0003225806451612903,0.0038709677419354843,0.013548387096774191,0.013225806451612905,0.00903225806451613,0.0,0.0061290322580645155,0.0,0.0,0.03967741935483871,0.0,0.0,0.0,0.0,0.0003225806451612903,0.0009677419354838711,0.0016129032258064516,0.0032258064516129032,0.0003225806451612903,0.01,0.0,0.0032258064516129032,0.0032258064516129032,0.0064516129032258064,0.005333333333333333,0.0,0.0012903225806451613,0.0003225806451612903,0.0016129032258064516,0.0,0.0003225806451612903,0.0022580645161290325,0.005483870967741936,0.008387096774193548,0.04225806451612903,0.020322580645161292,0.008064516129032258,0.004193548387096774,0.0061290322580645155,0.0067741935483870966,0.0,0.0064516129032258064,0.009677419354838712,0.0,0.04129032258064516,0.07096774193548387,0.08076923076923077,0.019354838709677424,0.06741935483870967,0.02838709677419355,0.1443333333333333,0.1454838709677419,0.27225806451612905,0.02709677419354839,0.053870967741935484,0.008620689655172414,0.0022580645161290325,0.00967741935483871,0.0,0.0,0.0,22.68333333333333,27.475,19.4875,23.275,21.775,29.13846153846153,28.322222222222226,27.644444444444453,24.575000000000006,22.66363636363636,26.517647058823535,22.83333333333333,25.87142857142857,25.028571428571425,27.040000000000006,19.9875,23.12222222222222,23.82,22.144444444444442,25.65,25.788888888888888,26.23809523809524,19.688888888888886,25.18888888888889,22.93076923076923,25.15555555555556,30.4875,29.16666666666667,26.766666666666666,22.55,20.85,21.1
2010-11-30,54.28,62.39666666666666,54.26666666666667,64.13333333333334,59.16666666666666,59.723333333333336,59.74,54.44333333333332,62.36000000000001,59.16333333333333,58.46333333333333,61.57000000000001,61.06249999999999,65.0076923076923,57.52333333333333,63.57083333333333,54.37000000000001,61.34666666666667,54.604000000000006,63.73333333333333,60.37666666666668,58.38000000000001,59.56666666666667,65.14999999999999,61.65333333333334,47.84000000000001,53.89666666666667,48.47999999999999,46.19333333333334,54.7,53.07333333333335,49.77307692307693,57.17333333333333,55.48666666666666,58.66000000000001,52.50333333333333,52.70666666666667,49.81000000000001,43.53666666666666,51.45,51.899999999999984,53.03999999999999,51.96666666666668,53.13,51.08333333333334,51.91666666666666,54.92666666666666,56.73666666666666,54.66666666666666,54.96,57.83000000000001,51.64333333333333,42.79,29.940000000000005,33.80333333333333,48.57,52.34666666666668,47.74666666666667,47.36333333333334,48.57666666666668,38.83333333333333,39.746666666666655,52.25333333333335,52.638461538461534,56.27,62.15333333333334,60.19666666666667,62.08,23.313333333333336,29.630000000000006,32.17666666666666,25.29666666666667,24.30333333333333,19.696666666666673,23.20666666666667,24.96,18.806666666666672,21.62333333333333,23.140000000000004,17.76333333333333,23.625,18.275,15.576666666666664,8.433333333333334,30.95666666666667,20.92,19.944000000000006,19.02,25.53000000000001,24.85333333333334,25.01,20.89,22.41,30.06333333333334,26.6,29.89,14.953333333333335,24.953333333333337,23.116666666666664,23.40000000000001,20.503333333333334,24.25,20.176666666666666,20.363333333333326,28.776666666666664,31.63333333333333,36.43666666666665,24.94,23.236666666666668,20.773333333333333,22.33666666666667,17.86,24.69333333333333,21.94333333333333,18.02,14.400000000000002,17.37,20.943333333333328,18.96,24.29333333333333,12.203333333333335,25.944827586206888,26.050000000000004,23.89666666666667,23.79666666666667,18.396666666666665,15.173333333333336,10.32,20.336666666666666,17.663333333333334,23.43666666666667,28.80384615384616,21.36666666666667,28.16333333333333,33.446666666666665,27.58,0.0,0.0,0.018620689655172416,0.0013333333333333333,0.03166666666666666,0.023666666666666662,0.033666666666666664,0.08466666666666665,0.03033333333333333,0.041000000000000016,0.02366666666666667,0.023666666666666662,0.0,0.0,0.005666666666666667,0.0,0.043666666666666666,0.01966666666666667,0.0,0.0,0.02033333333333333,0.017333333333333333,0.037333333333333336,0.03,0.0,0.005666666666666665,0.0023333333333333327,0.018000000000000002,0.02300000000000001,0.029333333333333333,0.06233333333333334,0.04884615384615385,0.008,0.037333333333333336,0.033,0.019000000000000003,0.06433333333333334,0.027999999999999997,0.009333333333333334,0.06899999999999999,0.07999999999999999,0.09766666666666664,0.08799999999999998,0.06933333333333333,0.08000000000000003,0.07166666666666667,0.10300000000000001,0.0,0.08033333333333334,0.062333333333333324,0.0,0.09166666666666666,0.3680000000000001,0.07636363636363637,0.10266666666666666,0.11566666666666668,0.04233333333333333,0.21100000000000002,0.21199999999999994,0.2603333333333333,0.065,0.10066666666666664,0.063,0.0,0.032000000000000015,0.0,0.0,0.0,27.329411764705878,25.99285714285714,19.95,24.488888888888887,23.0,29.24615384615385,27.761538461538464,24.765,28.762500000000006,31.838461538461537,27.294444444444448,23.6125,24.66428571428571,22.485714285714288,24.863157894736844,20.330769230769228,24.275,22.907692307692308,20.17142857142857,26.99285714285714,23.715,25.68888888888889,18.7,24.925,20.89333333333333,25.45,25.0125,23.71,28.175,24.51538461538461,22.56923076923077,23.012500000000006
2011-11-30,53.09642857142857,66.27777777777776,53.29333333333332,61.61,57.05333333333334,58.62,55.97666666666667,54.89999999999999,59.99333333333335,58.16333333333332,57.64333333333334,62.21666666666668,60.77857142857143,60.15999999999999,56.29,60.93333333333334,54.98333333333333,59.30666666666666,49.20666666666667,63.13333333333333,58.84666666666668,57.14000000000001,60.08666666666668,59.12666666666666,60.84333333333333,47.50333333333332,52.57000000000002,48.41333333333332,45.50666666666666,53.32000000000002,52.82333333333333,50.05666666666666,56.23666666666667,54.44666666666667,58.27666666666667,53.56999999999999,53.30666666666666,49.91,40.26,51.77333333333334,50.56000000000001,50.27,50.91000000000001,52.41999999999999,50.38666666666667,51.43666666666668,55.91666666666665,52.88666666666666,53.53666666666667,53.01666666666667,56.49333333333334,49.290000000000006,41.88,32.34333333333334,37.01333333333333,47.98666666666667,49.91666666666666,48.62,48.22333333333333,49.21666666666666,39.78333333333333,39.033333333333346,50.09,48.63999999999999,50.263333333333314,60.35999999999999,58.05666666666666,60.45666666666666,23.535714285714285,23.577777777777783,31.07,25.38666666666667,23.07333333333333,17.816666666666674,22.833333333333336,24.69333333333333,17.666666666666668,20.376666666666672,21.143333333333327,17.789999999999996,23.0,18.77,11.713333333333335,10.766666666666667,27.51999999999999,20.073333333333334,21.780000000000005,16.320000000000004,23.530000000000005,22.0,23.026666666666664,19.316666666666666,22.313333333333336,29.530000000000005,25.44333333333333,29.486666666666665,17.066666666666666,23.98000000000001,21.91333333333333,21.600000000000005,20.036666666666672,23.29333333333333,18.013333333333335,20.980000000000004,27.870000000000008,27.96666666666666,37.79666666666665,22.543333333333337,20.750000000000004,20.97,22.07333333333333,16.803333333333338,24.55666666666667,20.463333333333328,17.313333333333333,14.82,14.100000000000005,19.186666666666664,17.100000000000005,25.306666666666665,10.85333333333333,26.46,26.450000000000006,22.85666666666667,25.270000000000003,18.31,15.453333333333335,12.309999999999995,22.59999999999999,18.546666666666667,21.56,30.820000000000004,25.000000000000004,28.646666666666665,34.03,26.22666666666667,0.0004166666666666667,0.0,0.043,0.014000000000000002,0.06466666666666668,0.069,0.07400000000000001,0.102,0.10933333333333332,0.10366666666666664,0.11066666666666664,0.1103333333333333,0.0,0.0,0.00375,0.0,0.08866666666666664,0.056333333333333326,0.0,0.0,0.04166666666666666,0.04066666666666666,0.04033333333333333,0.042,0.016666666666666666,0.012333333333333332,0.009333333333333334,0.01966666666666667,0.04966666666666667,0.02733333333333333,0.028000000000000004,0.02633333333333333,0.01633333333333333,0.11,0.050666666666666665,0.056333333333333326,0.051333333333333335,0.06000000000000001,0.005000000000000001,0.03266666666666667,0.02466666666666667,0.04200000000000001,0.031,0.045333333333333344,0.028666666666666663,0.025333333333333333,0.04666666666666668,0.0,0.059,0.025333333333333336,0.0,0.067,0.10533333333333332,0.09727272727272727,0.02033333333333333,0.09233333333333332,0.09866666666666668,0.15866666666666665,0.15799999999999995,0.22233333333333333,0.019666666666666662,0.08600000000000001,0.09103448275862072,0.008666666666666666,0.03766666666666667,0.004333333333333333,0.009000000000000001,0.009666666666666669,25.457142857142852,24.0,24.02,17.55,20.008333333333333,25.075000000000006,29.15,26.31,26.06153846153846,25.68888888888889,27.160000000000004,22.15,23.588235294117645,22.79230769230769,27.879999999999995,22.745454545454546,24.3625,24.263636363636362,22.444444444444446,24.833333333333336,25.55,27.2,18.016666666666666,24.51,24.161538461538463,26.575000000000006,24.557142857142853,25.85833333333333,30.39,22.5,19.166666666666668,23.71
2012-11-30,58.49333333333333,65.36999999999999,57.17999999999999,67.77,61.13,60.86333333333334,60.24,57.76333333333334,61.71999999999999,60.99333333333333,58.76666666666668,63.13666666666666,56.71333333333333,60.23703703703703,69.63333333333334,64.60526315789473,59.91538461538464,61.83333333333333,54.80689655172412,64.91666666666667,62.01333333333334,60.24333333333335,63.60666666666666,63.11000000000002,64.91666666666666,52.08666666666667,58.03999999999999,52.95000000000002,51.63666666666667,57.43000000000002,57.443333333333314,54.13,59.00666666666666,58.15333333333332,58.82666666666667,57.24666666666666,57.37000000000001,53.34333333333335,44.82000000000001,55.05666666666665,54.13333333333333,54.04333333333334,54.38666666666667,55.85333333333334,54.25666666666666,54.67666666666666,57.70333333333333,56.68333333333332,57.75000000000002,56.83666666666667,60.45666666666666,53.36666666666666,46.19000000000001,34.85000000000001,37.39333333333333,52.53000000000001,54.07333333333333,52.18571428571429,51.91333333333333,52.55,43.21333333333334,42.50666666666667,53.31000000000001,54.6,53.51333333333332,64.81333333333333,62.76666666666665,64.16666666666667,26.763333333333332,31.43,32.330000000000005,26.97666666666667,23.19333333333333,16.116666666666664,24.233333333333334,25.4,15.473333333333333,19.446666666666673,21.12142857142857,15.106666666666673,24.26666666666667,17.451851851851853,20.473333333333336,6.278947368421052,25.47692307692307,16.369999999999994,23.958620689655174,15.000000000000005,21.64666666666667,20.74,21.86333333333333,17.470000000000002,25.75666666666667,33.00000000000001,27.63,32.906666666666666,16.776666666666667,26.12413793103449,23.74000000000001,26.04,16.049999999999994,20.343333333333334,16.306666666666672,19.663333333333334,28.803333333333335,31.69333333333333,39.37,23.266666666666666,20.65333333333333,21.16666666666667,21.813333333333336,19.310000000000006,26.24,22.66666666666667,17.296666666666674,15.360000000000005,16.203333333333333,19.223333333333336,18.480000000000004,22.74333333333334,10.610000000000003,26.46,25.17666666666667,21.05333333333333,23.713333333333345,15.5,13.659999999999998,11.589999999999995,22.15666666666667,20.606666666666666,22.36666666666667,33.32666666666667,29.69333333333333,30.963333333333345,35.356666666666655,31.36666666666667,0.0,0.0,0.008666666666666666,0.0,0.021666666666666667,0.017000000000000005,0.02866666666666667,0.04733333333333333,0.006333333333333334,0.009333333333333334,0.008666666666666666,0.007333333333333334,0.0,0.003703703703703704,0.02266666666666666,0.006315789473684211,0.019230769230769232,0.024000000000000004,0.0,0.0,0.02233333333333333,0.011666666666666664,0.02266666666666667,0.017666666666666667,0.0,0.0,0.001,0.0003333333333333333,0.009000000000000001,0.0026666666666666666,0.017,0.011000000000000001,0.008928571428571428,0.055999999999999994,0.04233333333333333,0.014333333333333337,0.02066666666666667,0.013333333333333334,0.0003333333333333333,0.03866666666666667,0.10366666666666664,0.13699999999999998,0.10499999999999997,0.05533333333333334,0.04166666666666667,0.03233333333333333,0.111,0.0,0.1,0.071,0.0,0.2726666666666667,0.4023333333333333,0.1558823529411765,0.078,0.2733333333333333,0.16333333333333336,0.21499999999999994,0.24666666666666665,0.4259999999999999,0.059333333333333335,0.29600000000000004,0.08900000000000001,0.0,0.011000000000000001,0.0,0.0,0.0,26.9,25.725,18.7,17.225,21.4,24.372727272727275,24.61111111111111,22.344444444444445,26.15000000000001,26.31,23.89411764705883,22.055555555555557,23.93333333333333,23.417647058823533,22.62,21.233333333333334,26.375,26.266666666666666,26.3625,26.88888888888889,28.207692307692305,28.54375,19.775,31.42,29.97777777777777,34.74,33.02,23.18333333333333,27.43636363636364,24.78,29.96666666666667,19.757142857142856
2013-11-30,56.37000000000001,63.21000000000002,57.06000000000001,65.48333333333335,63.74666666666668,62.33666666666668,62.22666666666666,56.63666666666666,63.50666666666667,60.79,60.73333333333333,65.99999999999999,59.14333333333335,59.921428571428564,64.46071428571429,64.69473684210527,57.23,63.05666666666668,53.40666666666668,66.40333333333332,62.60666666666669,60.37333333333334,62.85,63.18,62.99,50.87333333333333,55.72999999999999,50.54482758620689,52.54666666666667,57.63666666666667,57.44333333333335,53.79666666666667,62.12666666666665,58.23333333333333,58.25666666666668,55.41,56.93666666666666,53.07,44.64666666666668,53.36666666666667,54.19333333333332,54.00666666666665,53.51,54.60000000000001,53.53333333333333,53.18,55.38666666666666,55.35666666666666,56.43333333333334,55.46999999999999,59.723333333333336,52.88999999999999,47.75333333333334,33.76333333333333,38.08333333333334,52.27,54.97000000000001,50.082142857142856,49.14333333333333,49.9,41.36333333333333,43.44333333333334,54.44333333333334,52.37333333333334,56.14666666666667,62.66000000000001,61.76,62.71666666666666,23.49333333333333,31.43333333333333,32.923333333333325,26.67,26.85000000000001,21.366666666666664,26.79666666666667,32.08,17.573333333333334,24.49,27.10333333333333,20.50666666666667,28.61379310344828,22.149999999999995,7.5357142857142865,9.831578947368422,34.97,19.756666666666664,20.94,16.98,24.626666666666654,27.18333333333333,26.76666666666667,24.15666666666667,25.44333333333334,30.92,26.800000000000004,31.606896551724137,18.976666666666667,26.986666666666668,27.20666666666667,27.72000000000001,22.649999999999995,28.44333333333333,22.836666666666666,25.27666666666667,30.49333333333333,36.46333333333333,38.586666666666666,30.776666666666664,28.83333333333334,31.116666666666674,29.97666666666667,21.206666666666667,29.68,28.94137931034484,21.869999999999994,17.4,18.126666666666665,25.580000000000005,22.5,33.9,13.656666666666665,31.68000000000001,31.06000000000001,35.13666666666666,29.12666666666667,20.507142857142856,22.97,19.22,32.90666666666667,27.53,29.426666666666666,32.346666666666664,33.37,30.28666666666667,35.92333333333333,29.873333333333346,0.01633333333333333,0.04033333333333333,0.01566666666666667,0.0036666666666666666,0.004333333333333333,0.007000000000000001,0.013,0.006333333333333334,0.04933333333333334,0.009666666666666669,0.013999999999999999,0.037333333333333336,0.0,0.0,0.015714285714285715,0.003157894736842105,0.044,0.023000000000000003,0.0,0.0,0.026,0.018000000000000002,0.021666666666666667,0.015333333333333338,0.03033333333333333,0.02600000000000001,0.058666666666666666,0.05034482758620689,0.009000000000000001,0.03233333333333334,0.023000000000000003,0.01833333333333333,0.005333333333333333,0.025333333333333333,0.02033333333333333,0.009666666666666669,0.004333333333333333,0.009000000000000001,0.0013333333333333333,0.021666666666666667,0.035,0.03666666666666667,0.01666666666666667,0.008,0.03733333333333333,0.037000000000000005,0.039,0.0,0.03033333333333333,0.026,0.0,0.03666666666666667,0.07200000000000001,0.043333333333333335,0.012333333333333332,0.029666666666666668,0.039,0.07535714285714287,0.063,0.09133333333333334,0.015666666666666666,0.007333333333333333,0.02464285714285714,0.018000000000000002,0.007333333333333333,0.03166666666666666,0.0023333333333333327,0.02466666666666667,21.15,29.0,18.380000000000006,21.633333333333336,23.414285714285718,25.5875,27.55625,21.9125,26.65,26.285714285714285,25.85,29.225,22.10909090909091,24.45454545454545,22.4,25.771428571428572,23.5,31.62,22.6375,26.566666666666666,19.54,21.135714285714286,19.13,26.05,19.428571428571427,22.577777777777772,22.525,31.68333333333333,22.285714285714285,24.8,17.725,23.05
2014-11-30,58.50666666666665,64.53103448275864,59.09666666666666,66.46,63.61666666666667,65.14333333333332,64.24666666666664,58.38666666666666,65.42666666666668,64.11333333333334,63.29666666666666,64.68,61.11666666666667,63.00666666666668,66.16470588235296,68.57000000000002,60.43666666666665,64.53333333333333,55.353333333333346,68.73333333333333,64.32,62.76333333333334,64.90666666666668,67.14666666666668,64.61333333333334,52.82,57.87333333333333,52.43333333333332,54.29,58.73333333333334,56.88999999999999,54.52000000000001,64.24333333333334,60.86,63.40666666666666,59.01379310344828,60.56333333333334,55.43333333333332,47.93666666666668,55.536666666666676,55.06,53.99000000000001,53.78,56.899999999999984,55.26000000000001,54.74666666666666,56.80333333333334,57.71666666666667,59.35000000000001,56.10999999999999,63.33999999999999,54.17666666666667,47.853333333333346,36.176666666666655,40.93666666666665,52.98333333333334,53.56666666666667,53.53333333333333,53.29666666666665,54.30999999999999,41.716666666666654,43.42666666666667,54.83333333333334,53.81000000000001,54.21666666666667,63.86666666666668,62.40666666666666,63.88,29.81333333333334,33.99655172413792,34.366666666666674,28.780000000000005,27.456666666666674,22.20333333333333,27.52333333333333,29.45,19.916666666666664,25.78666666666667,28.01666666666667,21.326666666666664,31.28275862068966,23.816666666666666,8.935294117647063,11.494999999999996,32.65666666666667,20.536666666666672,22.14,19.43,25.53,29.386666666666667,28.043333333333337,24.04333333333333,28.65666666666667,35.81333333333333,32.39000000000001,32.88275862068966,19.029999999999994,23.906666666666673,23.530000000000005,25.08,26.79333333333333,28.32666666666667,23.00666666666666,24.851724137931036,28.696666666666665,31.946666666666665,41.61333333333333,25.350000000000005,23.196666666666665,23.71333333333333,23.70666666666667,20.326666666666668,25.32666666666667,23.916666666666675,19.343333333333327,14.94,16.096666666666668,22.33,19.44,28.76,16.21333333333333,32.60344827586207,31.029999999999994,26.71,23.28333333333333,16.425925925925924,17.32,14.88,24.70000000000001,23.816666666666666,25.95,37.52666666666667,29.29333333333333,32.63666666666666,38.23333333333333,31.446666666666662,0.0,0.00206896551724138,0.006000000000000001,0.0023333333333333327,0.013999999999999999,0.017666666666666667,0.009000000000000001,0.044,0.015000000000000003,0.021333333333333336,0.009666666666666669,0.02,0.0,0.0,0.0,0.0,0.016,0.04733333333333333,0.0,0.0,0.011333333333333334,0.013,0.013999999999999999,0.006333333333333333,0.0,0.004,0.0,0.01,0.019000000000000003,0.021666666666666667,0.029666666666666664,0.034666666666666665,0.011666666666666664,0.04466666666666666,0.021333333333333333,0.03482758620689655,0.04366666666666666,0.035,0.0,0.051,0.048000000000000015,0.08366666666666665,0.06133333333333334,0.08666666666666664,0.04233333333333333,0.049000000000000016,0.05966666666666667,0.0,0.03766666666666667,0.050666666666666665,0.0,0.063,0.24033333333333334,0.032962962962962965,0.031000000000000007,0.15166666666666667,0.09933333333333333,0.12222222222222225,0.17433333333333328,0.13799999999999998,0.05200000000000001,0.09066666666666663,0.052333333333333336,0.0003333333333333333,0.028333333333333332,0.001,0.0,0.0,25.715384615384608,25.985714285714288,20.285714285714285,20.166666666666668,25.17,25.0,30.735,27.70833333333333,28.89375,28.93076923076923,28.65294117647059,24.25,23.8,22.157142857142855,27.32,18.633333333333336,23.7,21.55,17.775,21.58888888888889,22.25625,24.15,20.0,27.96666666666667,18.85,27.65454545454546,24.78,18.62,30.714285714285715,26.5,25.98,27.1
